pdb_id,entity_id
4dii,2
4b5h,2
4b5h,1
5clc,1
1m19,3
4tug,2
4tug,3
4a8m,1
4a8m,2
4ut0,4
4ut0,5
4ut0,3
4ut0,1
1zrf,1
2vye,1
1zrf,3
3h8o,2
4qqy,2
5ds6,3
5ds6,2
5t4i,2
5t4i,1
1d5y,2
1d5y,1
5w2c,3
1sax,2
1sax,3
3h8o,3
4pso,1
5ds6,4
6b1s,1
5t4i,3
5ds6,1
1d5y,3
3av2,1
4a75,2
3h8o,1
4is1,1
1tdz,2
5j2m,4
5dkw,1
5j2m,2
5j2m,1
1tdz,3
4g82,2
4g82,1
5dkw,2
4dfp,2
4dfp,1
5w2c,1
1sax,1
5v0c,3
5v0c,1
5j2m,3
5dkw,3
5dkw,4
4dfp,3
4dii,1
4dii,3
1u1k,1
4qwe,2
4qwe,1
1u1k,2
4k4g,4
5j2q,1
1lrr,2
4k4g,3
5kfn,1
3kql,2
5cnq,1
1wbd,3
3jxc,1
5cnq,2
1wbd,2
1wbd,1
1nkc,3
6eo6,3
6eo6,1
1zqd,3
1zqd,2
6dgd,2
6dgd,1
6bci,1
4php,1
6bci,2
6eo6,2
1nkc,1
1nkc,2
2i05,1
1zqd,1
4php,2
4php,3
4php,4
6bci,3
5e3o,2
6dgd,3
4qqx,2
3cvu,2
6cvs,1
3cvu,1
3ool,1
3ool,3
4k96,2
3hot,2
3hot,3
2vbj,3
5mcu,1
2vbj,2
5v0e,3
5v0e,1
1r7m,2
1r7m,1
5clc,3
4b5h,3
1m19,1
1m19,4
1m19,5
1m19,2
4hcb,1
5lty,2
3l2u,3
3l2u,2
4m41,3
4m2y,3
5b2j,1
5b2j,5
5b2j,3
5b2j,4
1r0a,1
1r0a,5
5cl9,2
5cl9,1
4hp1,1
1ph3,4
1ph3,2
1r0a,4
1ph3,3
6en2,1
1r0a,6
4hp1,2
1r0a,3
1ph3,1
6en2,3
3hot,1
2vbj,4
5no6,3
5no6,2
5no6,1
3oju,3
5no6,4
3oju,2
3wtt,5
2euw,1
3wtt,3
4yoy,2
4rul,2
9ice,2
4a76,1
9ice,1
4kb6,2
2b0d,2
2fio,2
2fio,1
2fio,3
3qsv,2
3wtt,1
4a76,2
9ice,3
1wvl,1
2b0d,1
1wvl,2
4kb6,1
4n56,3
1z63,1
5kfw,1
3g73,2
5kfw,3
3g73,3
5kfw,2
5ywt,2
5gkg,1
5gkg,2
4yg4,2
4yg4,1
1z63,2
4v8s,2
4v8s,1
4v8s,3
4v8s,13
4v8s,14
4v8s,11
4v8s,4
4v8s,15
4v8s,9
4v8s,12
4v8s,7
4v8s,6
4ki2,2
5n8s,1
4xvk,3
5z7i,3
5l9x,3
5l9x,2
5gkg,3
5l9x,1
4yg4,3
3l2v,3
4pgq,4
4lvm,3
4lvm,1
4p4p,3
5wmb,2
4p4p,1
5wmb,1
5wmb,3
4p4p,4
3vyq,2
3vyq,3
3vyq,1
5z7i,2
5z7i,1
5vmx,3
4ed6,2
5vmx,2
4ed6,3
5vmx,1
4ed6,1
1rm1,4
1rm1,5
1rm1,3
4oip,5
4oip,6
3hqf,3
3hqf,1
3rwu,2
3rwu,1
6bou,3
6bou,1
1zns,2
1zns,1
4m9j,3
1qtm,1
5bmz,2
2hot,1
2hot,2
4yfu,3
4yfu,2
1zqa,2
1zqa,3
5v1j,3
2hot,3
5v1j,2
4yfu,1
5v1j,4
1wtr,2
5v1j,1
1wtr,1
1zqa,1
4nrw,1
5bmz,1
4oip,1
4oip,2
3brd,3
3cwa,2
4oip,3
3g6r,1
3cwa,1
3g6r,3
3hqf,2
5uc6,2
4z5t,2
4z5t,4
4z5t,3
3rwu,3
5uc6,1
4nrw,2
6bou,2
4nrw,3
3hw8,2
3hw8,4
5bs8,4
5bs8,2
3brd,1
3brd,4
3brd,2
5yeh,1
4m3t,3
4m3t,1
3kmp,2
4ztu,2
3kmp,3
4ztu,1
6ctq,3
6ctq,1
6ctq,4
2o8d,3
2fmq,4
4wk8,1
5vvl,5
5vvl,2
5vvl,6
5vvl,3
5vvl,1
2xhi,3
4m9j,2
4m9j,4
4m9j,1
1qtm,2
1qtm,3
5yeh,2
5yeh,3
4m3t,2
4ztu,3
3kmp,1
2xhi,2
2xhi,1
2o8d,1
2o8d,4
5itt,2
6bct,3
5itt,1
1bnz,1
7icp,1
5xfr,3
5vvl,4
1bnz,2
4c2t,1
5yzy,3
6ctq,2
5yzy,2
5yzy,1
4ztu,4
1xhu,1
1xhu,2
4c2t,3
4b20,2
4b20,1
7ici,3
8icp,1
5kg6,2
5e3m,3
5kg6,1
5e3m,1
3q8p,2
3q8p,3
3taf,2
5cys,2
5cys,1
5e5a,6
5e5a,1
5e5a,5
5e5a,3
5e5a,4
5e3m,2
3gv5,1
5kg2,1
2vju,2
3q8p,1
2vju,1
3taf,3
3taf,1
5inp,2
5inp,1
5twp,4
4oqa,2
5e5a,2
4oiq,7
4oiq,6
1ihf,3
1ihf,1
1ihf,5
4ed0,3
1ihf,4
4oiq,5
4oiq,8
4r2a,3
4r2a,2
1ihf,2
4r2a,1
4m8o,2
2kfz,2
2o19,2
5wn5,1
4e7l,4
1ksp,2
4him,2
4e7l,3
9icf,2
4r2d,2
4e7l,1
1run,2
5wn5,3
4e7l,5
4him,1
4dkj,1
9icf,1
1run,1
9icf,3
2o4i,2
5kg6,3
3gv5,2
3gv5,3
5kg2,3
2o19,1
1m06,4
2fmq,3
4xr1,3
4b5j,2
4b5j,3
5o6i,1
3q8k,4
3q8k,3
1t39,2
1t39,3
4ed0,1
4m8o,3
5o6i,3
2flc,1
2wq6,2
4ed0,2
2kfz,1
4c2t,2
5clc,2
4tug,1
1je8,1
4hcb,2
4dtj,3
4dtj,2
1je8,2
5lty,1
4dtj,1
5lty,3
4m2y,1
4m41,2
4m2y,2
4m2y,4
4m41,1
3l2u,1
3wtt,2
2euw,2
2euw,3
3wtt,4
4yoy,1
4rul,1
4qqx,1
6cvs,2
3cvu,3
3ool,2
4klj,4
1zme,1
1zme,3
3qsv,1
3scx,1
3scx,2
3rn2,2
3rn2,1
3scx,3
5w2c,2
4is1,3
4is1,2
5v0c,2
1tdz,1
5b2j,2
1r0a,2
5cl9,3
5dtd,1
2vbj,1
4klj,1
4klj,2
4klj,3
1zme,2
5ean,1
3qyx,1
4g92,5
4g92,4
4g92,3
4g92,2
3oju,1
2wq6,1
8icp,3
8icp,2
5kg2,2
5cys,3
5twp,2
4oqa,3
5twp,3
5twp,1
4oqa,1
1z63,3
2jei,3
2jei,2
2jei,1
4v8s,10
4v8s,5
4v8s,8
4ki2,1
3hx0,2
4n56,2
4n56,1
3hx0,3
5cl7,2
4zyd,1
6f5f,2
5v1n,3
2oa8,1
2oa8,2
5n8s,2
4xvk,2
4lvm,2
4p4p,2
5ywt,1
2uyc,2
2uyc,3
1rio,3
2a0i,2
1rio,1
4xvk,1
3g73,1
3hx0,4
5cl7,3
4zyd,2
3rmp,3
3rmp,2
5tkz,1
5tkz,2
5v1n,2
1rio,2
3l2v,2
6ccv,1
6ccv,3
2eux,3
4pgq,2
4pgq,1
2uyc,1
4pgq,3
2a0i,1
4ht4,2
5v1n,1
5v1n,4
1rio,4
4ht4,1
3l2v,1
6ccv,2
5kfr,2
3hx0,1
5kfr,1
5cl7,1
4zyd,3
6f5f,1
4roc,4
5vez,2
3gpy,3
3gpy,2
5ywu,2
5vez,4
5kfr,3
1ksx,2
1ksx,1
3gpy,1
1jko,3
1jko,1
1jko,2
3gx4,1
3gx4,3
4xid,3
4roc,2
4roc,1
4f43,1
2eux,1
2eux,2
5o6i,2
2wq6,3
3rmp,1
4f43,2
5vez,1
6en1,2
5g5t,1
5kl7,3
1pp7,1
6en1,1
4l0y,3
1qn9,2
2hht,3
2hht,1
2it0,3
4ebd,2
5e3n,3
5e01,1
5e3n,2
5e01,2
5e3n,1
4x4i,3
4owx,2
3s3n,3
4ygi,2
4rtn,3
4ygi,1
4rtn,2
4rtn,1
5j37,2
5kl6,2
3av1,3
4x4i,2
4owx,1
4owx,3
3s3n,2
3s3n,1
4js5,2
4f5n,4
4f5n,2
1ouq,4
5b40,3
5xzg,3
5xzg,2
5j2g,4
4e5z,3
5j0r,4
5d5u,1
5dqg,2
1keg,2
5dqg,3
8icw,1
4rnm,2
3zvk,2
3zvk,4
4lvs,3
3zvk,3
3zvk,1
4rnm,3
4rnm,1
3ikt,1
3q0d,2
3q0d,1
3pw7,2
3suq,2
3suq,1
2xrz,3
5dba,2
4kld,3
4uay,2
6as7,2
1i3j,3
4pcz,3
3ngz,2
3ngz,1
4pcz,2
4pcz,1
4l0y,4
4l0y,1
3kd5,2
1hao,1
1hao,2
3kd5,3
4uay,3
6as7,1
4yey,2
2hhu,3
2r2t,2
2r2t,3
4l0y,2
3bq2,1
3bq2,2
2hht,2
3bq2,3
3mr5,3
2zcj,2
4kud,4
2zcj,3
4kud,6
3mr5,1
4kud,5
4kud,3
5cc1,2
4kb0,2
3vxv,2
4kb0,1
4yey,3
2hhu,2
2r2t,1
2pzs,1
2pzs,2
2pzs,3
6ceu,1
3ktu,2
3aaf,2
5dba,1
4kld,2
4kld,1
4kld,4
3suq,3
3ktu,1
3aaf,1
4ldx,2
4ldx,1
4ldx,3
3kd5,1
1hao,3
4uay,1
4uay,4
6as7,3
1i3j,2
1i3j,1
1tup,2
1tup,1
2xrz,1
2xrz,2
3ktu,3
5dba,4
5dba,3
1tup,3
6ceu,3
6ceu,2
3gox,2
2agq,2
5hso,3
2agq,1
2agq,3
5xn1,3
5hso,2
5hso,1
5kl4,3
5mf7,2
5kl4,2
4doc,4
4doc,3
3q22,1
5mf7,1
1x9m,1
4doc,2
4doc,1
1x9m,4
2hhq,2
1nlw,1
1a0a,2
1a0a,1
2pqu,2
3thx,3
3thx,4
1x9m,3
1x9m,2
1nlw,3
1nlw,2
2hhq,1
2hhq,3
1a0a,3
2pqu,1
3szq,2
4cn3,4
6fbg,2
4cn3,2
3ra9,2
3thx,1
2ata,1
3go8,1
1p8k,5
1p8k,2
4xqq,3
2c9l,1
1zm5,1
1zm5,2
1g2d,3
5xn1,1
1g2d,2
1g2d,1
5xn1,2
5kl4,1
3q22,2
5xrz,2
4cn3,3
5xrz,1
4cn3,1
3thx,2
6fbg,3
3szq,3
3szq,1
6fbg,1
5zuo,2
5zuo,3
3ra9,1
5zuo,1
5j0r,2
5av8,1
5av8,4
4e7i,3
6bda,5
6c2f,2
6bda,3
4ub1,3
4iqv,2
3osp,3
3rtv,3
3btz,3
3btz,1
2w9c,3
5t2n,3
1cf7,2
5d4s,3
5t2n,1
1cf7,1
1cf7,3
1owf,5
2evh,1
4wlw,3
1k78,4
1k78,3
5kfz,2
5kfz,3
5thg,1
5e5o,2
6bda,4
2z3x,1
2z3x,2
6a8r,1
6a8r,3
2z3x,3
4ub1,4
6bda,1
6c2f,1
3n1i,2
4ub1,2
3n1i,1
5ugp,2
5ugp,3
4qwc,3
4nm1,1
4nm1,2
5ugp,1
4ub1,1
4qwc,2
4qwc,1
4nm1,4
4nm1,3
4iqv,1
3osp,1
3osp,2
3rtv,2
3rtv,1
3c2m,1
2nmv,2
2c2d,2
4ew0,2
4ew0,1
2c2d,3
2c2d,1
3c2m,3
3c2m,2
1aay,1
4qtk,2
4qtk,3
5e5o,1
4qtk,1
6a8r,2
6bda,2
6c2f,3
5ugp,4
1cw0,2
3wa9,5
4e68,1
4e68,2
3wa9,3
5e5o,3
2nmv,1
2nmv,3
3q0c,2
3q0d,3
3q05,3
3pw7,3
4cja,1
3wpi,1
4ley,1
4f5n,3
4f5n,1
3khl,3
3khl,1
5d39,3
1ouq,1
1ouq,3
5b40,4
3spz,3
5xzg,1
3spz,1
1keg,1
1keg,3
5dqg,1
6c1v,2
1a74,2
1t7p,2
4ir1,4
3gox,3
1t7p,4
1t7p,1
2f5n,1
6b1r,1
6b1r,3
3khl,2
1exi,2
1exi,1
3spz,2
5j2g,2
5j2g,3
4du3,2
4kli,2
4kli,4
3si6,2
3si6,1
3si6,3
5b40,2
5b40,1
4k8x,1
1ea4,3
5td5,2
4kli,3
3vxv,3
3vxv,1
1zaa,3
1zaa,1
1zaa,2
5j37,1
5kl6,3
5kl6,1
3av1,1
6c1v,3
4tur,3
2it0,1
4tur,2
4ebd,3
4ebd,1
1nkp,3
1nkp,2
6c1v,1
1a74,1
8icw,3
8icw,2
4tur,1
4tur,4
2it0,2
1nkp,1
3gli,5
3gli,3
4kli,1
4du3,3
4du3,1
4lvs,1
4k8x,2
1mq3,2
1mq3,3
4k8x,3
1mq3,1
5c52,2
1jxl,1
4lnq,2
3qx3,2
4lnq,1
5wjq,3
4kls,4
4kls,1
4khn,1
3dfx,1
1jxl,2
1jxl,3
3g9p,1
5wjq,2
2o49,3
4f2r,1
4kls,3
5c52,3
5c52,4
4kls,2
5c52,1
1uut,1
5ke6,2
4khn,3
3dfx,3
5kt2,1
5kt2,3
3g9p,3
3g9p,2
4ir1,2
1t7p,3
6b1r,2
4ley,2
4js5,1
4dlg,2
1ea4,1
2o61,1
2o61,3
5j2g,1
3gli,4
3gli,6
3gox,1
4jbm,2
4jbm,1
5d39,2
5d39,1
1ouq,2
5b40,5
2jlg,2
2jlg,1
2hhu,1
4yey,1
1qn9,3
1qn9,1
6fas,3
5v1h,1
5v1h,4
4ir1,1
2f5n,2
2f5n,3
2zcj,1
3mr5,2
4kud,1
5cc1,3
4kud,2
5cc1,1
4khn,2
3dfx,2
5kt2,2
3qx3,3
4n76,3
1wbb,3
3go8,3
2a3v,1
1p8k,4
2a3v,2
1eyu,1
1eyu,2
1p8k,3
2a3v,3
4xqq,2
2c9l,2
4n76,2
4n76,1
3upu,2
4eyh,3
3go8,2
1p8k,1
4xqq,1
2ata,2
2c9l,3
5ke6,3
2o49,1
3qx3,1
1wbb,2
4eyh,1
3upu,1
5ke6,1
1uut,2
1u1q,1
4eyh,2
1wbb,1
1u1q,2
4dlg,3
4dlg,1
1ea4,2
2o61,2
5td5,1
2o61,4
6fas,2
3jso,1
3jso,2
6fas,1
1cw0,3
1cw0,1
3wa9,4
3wa9,1
1aay,2
1aay,3
3wa9,2
3f8i,1
3pw7,1
3f8i,2
4e7i,2
3f8i,3
4e7i,1
2xe0,3
2xe0,1
6asb,1
1cw0,4
1sx8,1
1sx8,2
3wpi,2
3q05,2
4cja,3
4cja,2
5v1h,3
5v1h,2
3q05,1
4r55,2
3l2q,2
3l2q,1
3l2q,3
4r55,1
4e5z,4
4f2r,3
4f2r,2
2o49,2
5wjq,1
5av8,2
5j0r,3
4e5z,2
5d5u,2
4lvs,4
4lvs,2
3ikt,2
5av8,3
5av8,6
5j0r,1
5av8,5
4js4,1
3nic,3
3nic,1
5tye,4
1jwl,1
5i42,1
1iaw,1
1qzh,2
4ost,2
4ost,1
4dtx,1
5kl3,3
3rb6,1
5vzc,4
5vzc,2
5kvy,2
3rzj,1
3fsp,2
4egz,2
4egz,1
5i44,2
6grd,2
1ttu,1
1bpz,4
1bpz,2
5z6w,3
5z6w,1
5xfq,3
1rgt,1
5xfq,1
5xfq,2
3cvs,3
3nic,2
4js4,2
5hp4,2
5hp4,1
1j1v,3
1z1b,3
1tf6,1
1z1b,5
1z1b,4
1z1b,2
4b5f,3
4b5f,2
3t72,2
3pv8,3
5ip3,4
3pv8,1
5ip3,2
2uyh,3
2uyh,1
4fjj,3
3eh8,3
3ra0,2
3cvs,1
4lez,1
2bpg,2
2bpg,1
2bpg,3
1u1m,1
1u1m,2
2o8c,4
2o8c,3
3dlb,2
4aag,2
4aag,1
5iud,1
4dtx,2
3eh8,2
5y3l,2
4fjj,2
3eh8,1
4fjj,1
1s10,2
1s10,1
5y3l,1
4lez,2
3cvs,2
3ra0,1
5y3l,3
2evg,1
4e7k,3
4xo0,2
1oh8,3
5fro,1
4fcy,4
5k98,4
4fcy,2
4m9h,3
3waz,1
5k98,1
5vz9,3
4f6m,2
4oin,8
4oin,7
4oin,5
4oin,4
4oin,1
3fyl,3
4hqb,2
1vtn,1
1vtn,2
1vtn,3
4flx,2
4flx,1
5yv2,1
1oh8,2
3khg,3
3khg,2
3khg,1
3vak,1
4rto,2
5kn9,1
4roc,3
1t39,1
3q8k,2
2flc,4
2flc,2
2flc,3
3q8k,1
2o4i,1
4m8o,1
5kn9,3
5kn9,2
4jcx,3
8ich,1
4x5v,4
4wu9,4
6fb1,5
4z6e,2
9ick,2
9ick,3
4z7b,1
5vvj,3
5vvj,2
4u7b,2
4u7b,3
4ztj,3
4ztj,1
6fb1,4
5dny,4
3k9f,2
3k9f,3
3k9f,6
3k9f,4
5jjv,3
5dqh,2
5dqh,1
2bam,1
3k9f,5
1nke,1
2bam,2
5yv2,2
1ej9,1
5yv2,3
5av9,3
1ej9,3
5av9,1
5av9,2
4xo0,3
4xo0,1
5vz9,4
4hqb,1
4hqb,3
5hre,1
5yv1,2
3iay,1
3iay,2
5zu1,3
4yf0,2
4yf0,3
6b1q,1
3iay,3
5zu1,2
4yf0,1
2p6r,3
2p6r,2
2vtb,3
2vtb,2
3l8b,1
2vtb,1
1xi1,1
1p7h,2
1p7h,1
3jxb,2
3jxb,3
3wtx,5
5yv1,1
6b1q,3
3q0a,2
6b1q,2
5yv1,3
3q0a,1
5zu1,1
1xi1,2
2p6r,1
3l8b,3
3l8b,2
2asl,1
2asl,3
3twm,2
3twm,1
6fqv,2
6fqv,3
6fqv,1
5hre,2
4elt,1
5j29,1
5j29,3
3vd0,1
1sx5,1
5kfh,2
5kfh,1
1sx5,2
1qrh,2
4cej,1
5y7q,4
5hrd,2
1pvi,2
2y9z,2
2y9z,1
3u61,2
2evg,3
2evg,2
4e7k,1
3mfh,3
3u61,3
3d1n,2
4z53,3
4z53,1
3wts,2
3ebc,2
5emc,2
3nae,3
1vas,2
4nhj,1
3brf,4
3brf,1
1yqr,2
1yqr,1
4hn6,2
1yqr,3
4cej,3
4cej,2
6ged,1
5j0t,3
6ged,2
1sx5,3
5kfh,3
1qrh,1
5y7q,2
5y7q,3
5y7q,1
3q8l,3
5dg9,1
3q8l,1
1skw,4
1skw,2
1skw,3
1skw,1
2drp,1
2drp,3
3s5a,2
3s5a,3
3s5a,1
6cil,6
6cil,7
1hcq,2
1hcq,3
4bdp,1
2f8n,7
2f8n,3
4bdp,3
4bdp,2
2f8n,5
2f8n,4
3m9e,1
3lds,3
3wtx,3
3wtx,4
3lds,2
3wtx,1
5k5o,1
5k5o,2
5inq,1
4b24,2
4b24,3
3g6p,2
3g6p,3
3g6p,1
4yow,2
4yow,1
6ama,3
7icf,1
7icf,3
3rji,1
3rji,2
3rji,3
3rji,4
5ong,4
5ong,2
1odg,2
4yox,2
5ong,6
5ong,5
2f8n,2
6cil,2
3jra,3
1hcq,1
4x4c,3
4x4c,2
3jra,2
3jra,1
2pfp,4
1p3m,1
5j0q,2
1p3m,5
5j0q,4
1f5t,1
1f5t,2
4dts,2
3lds,1
5k5o,3
5inq,2
3ket,3
7icf,2
3ket,1
3ket,2
3rb0,2
3rb0,1
1l3s,2
1l3s,1
1l3s,3
9icw,1
3wts,5
3wts,3
3ebc,1
4fk2,3
1vas,1
3brf,3
3d1n,1
4z53,2
4z53,4
4z53,5
9icw,2
3wts,4
9icw,3
3wts,1
2cv5,2
5kfg,3
5omx,3
3v6j,3
5gnj,3
3afa,3
3afa,2
3co7,2
6cnp,1
3n78,2
3n78,3
3n78,1
5j29,4
5j29,2
5n90,2
1p7h,3
5vz7,2
3ebc,3
8icb,2
8icb,1
5eoz,4
5eoz,2
1e3m,1
3pih,2
5emc,1
3nae,2
1vas,3
3nae,1
4nhj,3
4nhj,2
3brf,2
3d1n,3
3oqn,3
5emc,3
1e3m,2
4z20,1
1e3m,3
8icb,3
3pih,1
5j0t,4
5j0t,2
5j0t,1
1f44,1
1f44,2
5lux,5
5lux,3
4ou7,2
5lux,2
3jxb,1
5n90,1
5vz7,4
5kfg,1
5omx,1
5omx,2
1e3o,1
1e3o,3
5omx,4
5gnj,2
3afa,5
3afa,4
5ew2,1
3mfh,2
4tqs,2
5tjg,3
3afa,1
5gnj,1
5ew2,4
5ew2,3
5ew2,2
4hn6,3
1yql,2
3mfh,1
1yql,1
1yql,3
5omx,6
1e3o,2
5omx,5
3v6j,2
3v6j,1
4elt,2
4elt,3
5vz7,1
5vz7,3
3rma,3
1jx4,2
3rma,1
1clq,2
5yiw,3
5yiw,1
4ect,2
4b9n,2
4b9n,3
1rh0,1
3coa,2
3g2c,1
5kg3,1
7ick,2
3rei,2
8icc,2
6ama,1
4qtj,2
4qtj,1
4qtj,3
3jy1,1
4yox,1
3rei,5
5ong,1
4uaz,1
4uaz,3
4uaz,4
3g2c,2
4aa6,1
4aa6,2
5kg3,3
4aa6,3
7ick,1
7ick,3
1f44,3
4ou7,1
3co7,1
4dqi,3
4dqi,1
3co7,3
4dqi,2
6cnp,2
3oqn,4
4q43,2
4fk2,2
4q43,1
5tjg,6
5tjg,1
5tjg,4
5tjg,5
4tqs,3
5tjg,2
4tqs,1
4hn6,1
6ged,3
3oqn,2
4o3s,3
3oqn,1
4o3s,2
4o3s,1
4q43,3
5kfg,2
3vd0,2
1pvi,1
5hrd,1
4b24,1
2pfp,3
4dts,3
3m9e,2
3wtx,2
5u1j,3
5u1j,2
4x4c,1
2pfp,1
2pfp,2
2aoq,1
2aoq,2
5j0q,3
1p3m,4
1p3m,2
1p3m,3
5j0q,1
1f5t,3
2euv,1
5odp,2
3c46,2
4dts,1
3c46,1
4rdu,1
3mr3,3
5eoz,3
5eoz,1
2drp,2
6cil,5
6cil,1
6cil,4
6cil,3
2f8n,6
5u1j,1
1lww,2
5dg9,2
3q8l,2
3q8l,4
5odp,1
2euv,2
2euv,3
1m5x,2
3azj,1
1u1r,1
1u1r,2
5b1m,2
1qna,3
4m9g,3
1t9i,2
5b1m,5
3qep,3
3azj,5
3qep,1
3azj,3
3azj,2
4m9g,4
4m9g,2
1qna,1
1m5x,3
1m5x,1
1bsu,1
5fd3,2
5fd3,3
5f99,6
1t9i,1
5f99,5
1t9i,3
5f99,3
5f99,4
5b1m,4
5b1m,3
5f99,2
5xf3,2
5f99,1
5xf3,3
5xf3,1
5xf3,4
3azj,4
5b1m,1
1bsu,2
3qep,2
1bsu,3
5fd3,1
5zfw,3
5zfz,1
5zfw,2
6bem,2
6bem,4
6hkt,4
5zfw,1
5zfz,3
5zyt,2
5zfz,2
5zyt,1
6bem,3
6fke,1
5e6d,2
6m7t,2
5wcu,1
6m7p,3
5z6z,2
5z6z,1
6m7p,2
6bek,2
6m7u,3
6m7u,1
6dsu,3
6fk5,1
6fk5,2
6dsv,2
6bcn,2
6bcn,3
6hkt,6
6hkt,1
6hkt,3
3jxc,2
5cld,3
5cld,1
5t1j,1
1njw,2
5y3k,3
5y3k,2
5y3k,1
4dtm,3
4ea5,3
4ea5,1
5ytz,1
1ixy,3
5ytz,2
1ixy,2
1ixy,1
4gck,2
5cld,2
4gck,1
4hio,1
4dtm,1
4lup,2
4ea5,2
5kfl,3
1y8z,2
1y8z,3
4k4g,2
5j2q,2
5wnz,2
5wnz,3
5wnz,1
1pnr,2
1njw,1
1njw,3
5j3e,2
5j3e,1
4lup,1
1pnr,1
5wnz,4
7icq,1
5eyo,2
7icq,3
4q0w,1
3kql,1
5j2q,3
3si8,2
4q0w,2
3si8,1
7icq,2
5eyo,1
4q0w,3
4dtm,2
5d5w,1
3os0,5
1nne,3
3os0,2
4yp3,3
4yp3,1
3oym,1
1c9b,2
1c9b,3
1c9b,1
1lrr,3
3si8,3
1n5y,1
1n5y,2
3oqm,4
5vrx,1
1mje,1
1mje,2
5vrx,2
3uxp,3
1s32,1
4f8r,2
3jpo,3
5hhi,2
4klg,4
1n5y,5
1n5y,3
5g32,3
3jpo,2
5g32,1
1jfs,1
3qoq,3
6asd,2
6asd,1
1n5y,6
3oqm,3
3oqm,2
3oqm,1
1n5y,4
1zqm,3
5vrx,3
3uxp,1
1s32,4
1s32,5
5wn1,2
5tyw,3
5tyw,1
5tyw,4
5wn1,3
4ebe,2
4ebe,3
3o1v,1
3uxp,2
1s32,2
1s32,3
1mje,3
4f8r,3
5g32,2
4f8r,1
3jpo,1
3jpo,4
1jfs,2
3qoq,2
3qoq,1
5tyw,2
5wn1,4
1qn7,3
1qn7,2
5wn1,1
1qn7,1
4ebe,1
5t1j,2
1nne,2
3os0,3
1nne,1
5d5w,2
3os0,4
5n2q,2
3os0,1
5n2q,1
1exj,1
1exj,2
3oym,2
3oym,3
4yp3,2
1noy,2
6fbh,2
6fbh,3
1c9b,4
6fbh,1
1pzu,3
5wc9,3
1r8e,1
1noy,1
1r8e,2
5wc9,2
5wc9,1
4z8f,3
4hio,2
4z8f,2
4z8f,1
1nk4,3
1nk4,2
1kc6,2
5chi,2
5chi,1
4k9a,3
4k9a,2
4k9a,1
1kc6,1
1nk4,1
1pzu,2
1pzu,1
2i05,3
3fbd,1
4m9g,1
1qna,2
3fbd,2
2i05,2
6evv,2
5xf3,5
5co8,3
5co8,5
5co8,4
5ywv,2
5ywv,1
5v3g,1
5v3g,2
5v3g,3
6evv,3
5co8,1
1zqm,1
1zqm,2
4n41,4
5vrx,4
4n41,2
4n41,1
1hcr,1
1hcr,2
5inl,2
5inl,1
1hcr,3
4klg,1
2vwj,1
4klg,2
5hhi,3
5hhi,1
5hhi,4
4klg,3
4ndy,2
4ndy,1
3q0f,1
3u7f,2
4ndy,4
4ndy,3
5kfl,2
3q0f,3
5kfl,1
3q0f,2
3u7f,1
3zqc,2
2vwj,2
6fb0,2
3zqc,3
6fb0,1
6fb0,3
6fb0,4
3zqc,1
5cnq,3
1lrr,1
5j2q,4
5kfn,2
5kfn,3
4k4g,1
6gce,2
6gce,3
5zyu,2
6dsy,1
6dsy,2
5zfy,1
5zyu,1
5zfy,3
5zfy,2
6dsy,3
6bem,1
5wcu,7
6m7t,1
5wcu,2
6en8,1
6m7t,3
5z6z,3
6bek,1
6m7p,1
6m7o,2
6m7o,1
6m7o,3
5zyv,2
6m7u,2
5zyv,1
6dsu,2
6dsu,1
5e6d,1
5e6d,3
6gce,1
6dsv,3
6dsv,1
6fke,2
5wcu,6
5wcu,5
5wcu,4
5wcu,3
6en8,2
6en8,3
6cuu,7
6cuu,6
6cuu,3
6cuu,4
6cuu,5
6fk4,2
6fk4,1
6bcn,1
6hkt,5
6hkt,2
3u2b,1
4j9n,1
4ubb,2
4ubb,4
4ubb,1
8ick,1
8ick,2
3cq8,3
4ird,4
3u2b,3
4j9n,3
3u2b,2
4j9n,2
4ubb,3
4ird,3
4yig,3
4yig,4
3cq8,1
5co8,2
6evv,1
5xf3,6
4wwc,2
1n4l,2
5gwk,2
1nnj,2
5v1f,4
4bnc,3
5v1f,3
4bnc,1
5v1f,1
1dh3,1
4rpx,1
4k4h,2
4pd2,3
8icf,3
3wtu,1
3e43,2
4a8k,2
3e43,1
1dsz,2
1dsz,1
1dsz,4
6crc,3
6crc,1
4auw,1
4x4e,2
4x4e,1
5vu7,1
3bty,1
4pd2,2
3os2,2
4z2c,2
4z2c,3
5zln,2
5zln,1
3os2,3
3os2,4
4k4h,4
3hpo,1
3hpo,2
4yd2,4
4yd2,1
4rq0,1
6fb6,4
3a01,4
3kd1,2
3kd1,1
2v2t,1
3kd1,3
6fb6,2
6fb6,1
2v2t,3
3a01,3
2v9w,2
2odi,1
2v9w,3
3gp8,2
2v9w,1
5gki,3
3gp8,1
5gki,1
3a01,1
2odi,2
2odi,3
5gki,2
2fdc,2
5d8c,2
4iht,3
3hpo,3
3os2,1
1mjp,1
6fb6,5
6fb6,6
2v2t,2
6fb6,3
1rzt,4
1rzt,2
1rzt,3
1mjp,3
3a01,2
2fdc,1
4iht,2
2ibk,1
5d8c,3
5d8c,1
4l18,3
1bc7,2
1bc7,3
3or3,2
3or3,3
3or3,1
4m47,2
4m47,4
3fc3,1
4a8s,1
5xou,3
5xou,1
4z59,2
5bti,3
4z66,2
4z66,6
4z66,4
2is1,3
3fdq,1
1bpy,1
1f0v,1
1bpy,3
3us0,2
2au0,2
4ru9,2
2au0,1
3rmb,1
1bpy,2
3us0,1
5iij,3
5iij,4
5iij,2
2r9l,2
2r9l,4
5crk,1
2r9l,1
1lmb,2
1lmb,3
5gkh,2
1lmb,1
2ivk,4
4rq2,1
4m47,3
1l9z,6
2ivk,2
1l9z,5
4rq2,4
4rq2,2
3or3,5
3or3,4
4m47,1
1l9z,7
1l9z,4
3i2o,1
3rmb,2
3rmb,3
1bpy,4
1f0v,2
5iij,1
1bc7,1
2ivk,3
2ivk,1
4rq2,3
3gik,3
3l2p,4
1zet,3
3l2p,3
1qqb,1
1zet,2
1zet,1
3gik,1
4ru9,3
5f3w,4
6cev,3
6cev,2
3l2p,2
5xvp,4
5kft,2
1rrc,2
5tb9,2
5tb9,3
5cla,3
5cla,1
1ssp,2
1ssp,1
5ze0,7
4enn,1
5ze0,2
6gcd,3
5ze0,3
6gcd,1
1qsl,1
5yuy,2
5zmc,2
5zmc,4
4jgc,3
4jgc,1
5tb9,1
1fzp,2
5cla,2
5hod,3
5hod,2
5ze0,1
2o5c,2
6fb5,3
4xpe,1
4xpe,2
6fb5,1
6fb5,4
6fb5,2
6gcd,2
1p3p,5
1p3p,2
1per,2
5kft,1
5hod,1
1ssp,3
5ze0,9
5ze0,6
4enn,2
5xvp,3
5xvp,1
5xvp,2
5tb9,4
5kft,3
1fzp,1
3c0x,2
3c0x,1
1jk2,2
3c0x,4
4a12,3
4a12,1
5avc,4
5avc,2
5avc,3
1zqt,2
1rrq,3
1rrq,1
3u6o,1
2aq4,2
5v0d,3
5v0d,1
3cvt,1
4mhg,3
2i9g,1
2i9g,2
4b5g,3
5o6g,2
3rjg,4
6bkf,1
6bkf,4
5o6g,1
3rjg,3
4a8s,2
5und,1
5und,2
5und,3
5k1y,3
5xou,2
5k1y,2
6boq,3
6btf,2
6btf,4
6btf,3
5tyx,2
4z59,1
5tyx,3
5tyx,1
5bti,1
1jkr,3
3cvt,2
1jkr,1
3cvt,3
4ds5,2
5o6g,3
4b5g,2
3vaj,2
4oln,2
4m42,3
4ds5,3
2i9g,3
5fdk,2
5fdk,1
4b5g,1
3rjg,2
6bkf,3
6bkf,2
3rjg,1
3vaj,1
4oln,3
4m42,2
1zrd,3
1pgz,2
5iff,1
1a1v,2
1zqt,3
1zqt,1
1t9j,1
1t9j,2
5v3m,2
5v3m,1
1t9j,3
3mgs,4
3mgs,5
5kfq,2
5hhh,4
4n5s,3
2p5l,3
2p5l,1
3hxo,2
4oln,1
4m42,1
4fj8,3
4fj8,1
5kfq,1
4n5s,1
4z66,3
4a12,2
4z66,1
4ypr,2
5avc,6
5k1y,1
1rrq,2
3u6o,2
3u6o,3
4ihy,2
5hhh,2
5hhh,3
4n5s,2
5hhh,1
2qfj,1
5dqt,4
2i9g,4
5szx,3
5szx,1
3u6l,2
3u6l,1
3u6l,3
6boq,2
6boq,1
6btf,1
5bti,4
5tyx,4
5bti,2
4z66,5
4ypr,1
4ypr,3
5avc,1
1a1v,1
5avc,5
5szx,2
1jkr,2
4mhg,2
4mhg,1
4ds5,1
5dqt,3
5yi3,2
5dqt,1
3suo,3
3suo,1
4ihy,3
4ihy,1
4fj8,2
2pi5,3
5kfq,3
5dqt,2
5yi3,1
3suo,2
1zrd,2
3kk1,3
5f3w,1
3zhm,3
3zhm,1
4xqk,3
4f2s,3
4f2s,2
4f2s,1
3i2o,2
1u45,2
5gkh,3
5gkh,1
4q8f,2
6cev,1
2is1,2
2is1,1
4xqk,2
4xqk,1
1u45,3
2au0,3
4ru9,1
3fdq,2
3fdq,3
5iff,2
3mky,2
3mky,1
5crk,2
5crk,3
1zrd,1
1rvb,1
4q8f,3
4q8f,1
4c8m,1
4c8m,3
4c8m,2
5v0d,4
4osz,1
5ulw,2
5f3w,3
3zhm,2
1u45,1
2aq4,1
5v0d,2
2aq4,3
4osz,2
5v3m,3
4osz,3
1pgz,1
3kk1,1
1rvb,2
3kk1,4
3kk1,2
3gik,2
5f3w,2
1qqb,2
3l2p,1
3hxo,1
4rts,1
3fc3,3
3fc3,2
2p5l,2
2qfj,2
5vmw,2
4rts,3
4rts,2
5vmw,3
5vmw,1
2etw,3
5ulw,1
2etw,1
3v9u,1
1ph9,2
3v9u,2
1b01,2
4b21,2
1b01,3
4hik,1
2i3q,1
2i3q,2
2i3q,3
1nk7,2
5cdp,2
5cdp,3
1ph9,4
1b01,1
2e1c,1
4hik,2
4yoq,2
2e1c,3
4ot0,2
4ot0,3
1ph9,3
5cdp,4
5cdp,1
4mdf,2
4rua,2
4rua,3
3s8q,2
4rua,1
4b21,3
3s8q,3
4b21,1
5xvp,5
1l9z,2
1b94,2
1qsl,2
1p3p,4
1p3p,1
5zmc,3
5yuy,3
5zmc,1
1p3p,3
5yuy,1
1per,3
1per,1
4jgc,2
2o5c,1
4xpe,3
1huz,1
1huz,2
4mdf,1
1jk2,3
5dqi,3
1jk2,1
5dqi,2
3c0x,3
5dqi,1
1ph9,1
1b94,1
1huz,3
4un8,3
1c7y,6
1c7y,7
1c7y,4
1c7y,8
4aae,2
4ff1,2
5ua2,2
5ua2,3
4aae,3
1cz0,2
4aae,1
1cz0,1
4x4d,3
4ff1,1
5ua2,1
4hug,2
3sv4,2
3sv4,3
4b9m,1
1i6j,3
1i6j,1
4un8,2
4un8,4
1c7y,9
1c7y,2
1c7y,3
5vc8,3
5vc8,2
5vc8,1
4uqm,3
4f4x,3
3klf,4
4htu,1
3klf,1
5iik,1
4x9j,1
1qbj,1
4x9j,3
1qbj,2
4x9j,2
3sv4,1
4hug,1
1r2y,3
1r2y,2
5k5i,1
5ui5,3
1kx3,2
1kx3,5
1kx3,1
3swm,1
3swm,2
4p2h,3
4p2h,1
4p2h,2
1r2y,1
5k5i,2
5k5i,3
3klf,2
5iik,4
5iik,3
1p3f,3
4irk,3
1p3f,5
1p3f,4
4dl3,3
4mg2,3
4mg2,2
1l3v,3
4mg2,1
1h9d,1
5v1g,4
2rdj,2
4lvl,3
4lvl,1
5fro,3
5fro,2
5k98,2
4m9h,1
4fcy,1
5kt6,1
5kt6,3
5voi,5
5voi,4
4oiq,1
4q8e,3
3bep,3
2v6e,1
3vak,2
1oh8,1
4rto,1
4rto,3
5k98,3
4m9h,4
4m9h,2
4fcy,3
3waz,2
5kt6,2
5voi,7
4mte,1
1an2,2
2rdj,4
5ef6,2
5ef6,3
3q24,1
1an2,1
1l3v,2
1h9d,2
1h9d,4
1bdh,1
5v1g,1
5vz9,2
4oin,2
3fyl,1
4oin,3
3fyl,2
1ej9,2
5av9,6
5av9,5
5av9,4
1r8d,3
6ccv,9
5voi,6
5voi,3
5voi,1
3bep,1
5voi,2
3bep,2
4oiq,4
4oiq,3
5vz9,1
3cro,2
4f6m,3
3cro,1
3cro,3
4f6m,1
4oin,6
1zjn,1
1l3v,1
4mte,2
1s0n,2
1s0n,3
1r8d,2
1r8d,1
6ccv,8
6ccv,5
6ccv,4
6ccv,6
4er8,2
1i6j,2
1c7y,5
1c7y,1
1t2t,2
1t2t,1
1t2t,3
4x4d,1
6bwy,1
6ctl,1
6ctl,2
6ctl,4
4f4x,1
1ca6,1
1rta,1
4f4x,2
1rta,2
3uo7,1
4uqm,2
4uqm,1
3uo7,3
3klf,3
4htu,2
6ccv,7
5z6w,2
5z6w,4
6ctl,3
1ca6,2
4x4d,2
6bwy,2
4er8,1
3uo7,2
2iso,3
1wtx,1
2va2,3
2o8c,2
3dlb,1
4ost,3
5iud,2
5iud,3
5kbj,1
2va2,1
2va2,2
1qzh,1
4dtx,3
5kl3,1
3fsp,3
3fsp,1
4umk,2
4umk,3
5tvp,1
3mgq,3
3mgq,6
3mgq,1
3mgq,5
3mgq,4
3mgq,2
1rcn,1
1iaw,2
2o8c,1
3o1u,3
3o1u,1
1u8b,4
1u8b,3
1u8b,5
3rb6,2
5kl3,2
3rb6,3
5vzc,3
5vzc,1
3rzj,3
3rzj,2
4umk,1
3o1u,2
5kvy,1
5vvj,1
4u7b,1
5x6e,1
5x6e,2
2fjw,1
1dfm,2
5k5l,3
5k5l,2
5k5l,1
3pov,2
3pov,3
4dk9,1
5dny,2
5dny,3
5dny,1
5jjv,1
3k9f,1
5vl9,2
4z6e,4
4r2c,2
5vl9,1
4r2c,1
4q44,2
2fjw,2
2fjw,3
4q44,1
1qn5,1
5j2k,1
5j2k,2
5j2k,4
5j2k,3
3pov,1
4dk9,2
4dk9,3
5bua,2
1nke,3
5bua,1
1nke,2
4flx,3
4huf,1
4lz1,2
4lz1,1
2vhg,2
1tf6,3
1tf6,2
2vhg,1
4b5f,1
3t72,3
5ip3,3
3t72,1
5a0w,2
5a0w,1
1n3c,1
1n3c,3
1sxq,3
1n3c,2
1s10,3
4nii,2
4rkg,2
4rkg,1
8icj,1
8icj,2
4m04,4
4m04,3
4m04,2
3v79,3
4jl3,1
1kb6,2
1kb6,1
2qnc,4
2qnc,3
1kb6,3
1wd1,1
1wd1,2
2qnc,2
2qnc,5
5v1i,3
1zqs,2
5v1i,2
5v1i,1
1zqs,1
5a0w,3
3pv8,2
3t72,4
2uyh,2
2qnc,1
1zqs,3
5v1i,4
1sxq,2
1sxq,1
4nii,3
4m04,1
2pi4,1
3v79,4
3v79,2
3u61,5
2y9z,3
4jl3,2
4jl3,3
1j1v,1
1j1v,2
2pi4,2
2pi4,3
3v79,1
3v79,5
3v79,6
5ip3,1
5kn8,3
4aqu,2
5kn8,2
4aqu,1
3u61,4
3u61,1
4e7k,2
4e7k,4
4nii,1
4aqu,3
5kn8,1
3ayw,4
3ayw,3
5dg8,1
3ayw,1
3ayw,2
4o0i,2
4o0i,1
1dfm,1
5ejk,4
3jsp,2
5ejk,3
3jsp,1
5ejk,1
3cvx,3
4mde,2
3cvx,1
1g9z,4
1g9z,1
1g9z,3
2euz,1
4wu9,3
4x5v,1
4x5v,3
3ayw,5
5ejk,5
1rm1,2
1ram,1
1ram,2
5ejk,2
5zmn,1
5zmn,2
4mde,1
3cvx,2
1g9z,2
4jcx,1
5e67,2
4bwj,3
4r79,1
2iso,2
2iso,1
2iso,4
5kbj,2
5kbj,3
1wtx,2
3f2b,2
4egz,3
3osn,1
4csa,3
6grd,1
1ttu,3
1bpz,3
1bpz,1
3swm,3
1kx3,4
1kx3,3
5itr,1
5itr,3
4p2h,4
5ui5,2
5ui5,1
1s0n,1
5ef6,1
3q24,2
3f2b,3
3f2b,1
3osn,2
5i44,1
4csa,2
4csa,1
6grd,3
1ttu,2
4z6e,1
4pzi,2
4z7b,2
4z7b,3
5vvj,4
5jjv,2
4oir,8
4oir,4
1pa6,4
4z6e,3
9ick,1
4pzi,1
4oir,5
4oir,7
4oir,1
1pa6,3
4r2c,3
5vl9,3
5x6e,3
4ztj,2
6fb1,6
1pa6,1
6fb1,1
6fb1,2
4b9t,3
4b9t,2
4b9t,1
1qn5,3
6fb1,3
1g9z,5
5dqh,3
4oir,3
4oir,6
1pa6,2
4oir,2
4lz1,3
1z1b,1
1z1b,6
4lvk,3
4lvk,1
5vfx,2
5vfx,3
4huf,2
5tvp,2
5tvp,3
1u8b,2
4lvk,2
1rcn,2
5iik,2
5vfx,1
1rgt,2
4b9m,2
4b9m,3
1u8b,1
4pu4,1
1mjo,2
1mdm,1
3saw,1
2ia6,2
4pu4,2
1mjo,1
1mdm,4
3saw,2
1mdm,2
3saw,3
1mdm,3
5x7x,4
5x7x,5
5x7x,1
2ia6,1
5x7x,2
5x7x,3
2ia6,3
5bpc,3
2efw,2
5ciy,3
5ciy,2
5ciy,1
1zrf,2
5kt3,3
2gij,1
2ajq,1
4qwd,1
2ajq,2
2ewj,1
2ewj,3
4dqy,2
6grb,2
5a0m,1
5a0m,3
5a0m,6
3vd6,1
6grb,1
4dse,1
3vd6,2
3vd6,3
1zqn,2
5tbc,2
5tbc,4
5tbc,1
6grb,3
5a0m,5
5a0m,4
5xfp,2
5xfp,1
4dse,2
4dqy,1
4dse,3
2hdd,2
4dqy,4
2hdd,3
4r8a,4
4r8a,1
4dqy,3
2ewj,2
5tbc,3
3jxy,3
3jxy,1
3jxy,2
3fhz,3
3fhz,1
1zqn,3
1qp7,1
6cr4,2
5fhd,1
4r8a,3
2hdd,1
4r8a,2
4jv1,2
4jv1,1
4yew,2
3nci,3
3pky,2
3uob,3
3uob,1
3pky,1
3pzp,2
3os1,1
3os1,2
3os1,3
5kt7,1
4m94,3
1jj4,1
4yew,1
4rib,1
3snn,1
1hdd,1
1hdd,3
4hj5,1
3pzp,3
5vc9,1
3pzp,1
3os1,4
5vc9,2
5kt7,3
5kt7,2
3v81,2
3v81,1
3nci,2
3nci,1
4rib,2
4rib,3
4rib,4
1hdd,2
4yew,4
3snn,3
3snn,2
3v81,4
3v81,3
4jv1,3
4yew,3
3pky,3
3uob,2
4hj5,2
2y1i,3
4ail,2
2y1i,2
3rae,5
3rae,3
3rae,6
2ram,1
3rae,2
2a6o,2
3jtg,1
3m9m,3
2ih2,3
5kfv,1
2ih2,2
6f58,1
6cqi,1
6cqi,2
2vs8,2
2vs8,1
5vry,4
5j0x,4
3rae,4
5j0x,3
5j0x,2
4enk,3
4enk,2
3m9m,1
6f58,2
3l2r,3
3v72,2
3v72,3
3v72,1
3l2r,1
2vs8,3
5vry,2
5vry,3
5vry,1
4yig,2
4ird,1
4yig,1
8ick,3
3cq8,2
3mgi,4
5kfv,3
3mgi,2
5kfv,2
2vs8,4
1u0c,2
2ram,2
3jtg,3
4enk,1
2hw3,1
5txm,2
6cnq,1
3mgi,3
3mgi,1
2ih2,1
3l2r,2
2vs8,5
5j0x,1
3rae,1
1u0c,3
1u0c,1
2a6o,1
3jtg,2
1f4k,2
4wwc,1
1f4k,3
6cto,3
1qnb,3
1r2z,1
4e9g,3
4xvm,2
3eyz,1
2vye,2
3mr2,3
3mr2,1
4ut0,2
5bpc,1
5bpc,4
5bpc,2
3dzu,2
3dzu,3
3dzu,1
3mr2,2
6cto,4
1qnb,1
2b9s,2
2b9s,5
5dga,1
3hdd,2
3hdd,3
5dga,3
1r2z,3
5txx,4
5txx,2
5txx,1
4e9g,1
4e9g,2
3eyz,2
6cto,1
3eyz,3
4xvm,3
4xvm,1
5txx,3
3dzu,5
3dzu,4
5keb,3
5keb,1
5keb,2
2efw,3
1r2z,2
1qnb,2
2b9s,3
2b9s,1
2b9s,4
5dga,2
3hdd,1
4e0d,1
4e0d,3
5fhd,2
5j0p,3
3av2,3
3av2,2
4a75,1
4pso,2
2puf,2
5j0p,2
5j0p,4
5j0p,1
4i29,2
2puf,1
4qqy,1
6b1s,2
4un9,2
1n6j,4
1ouz,1
1n6j,1
1ouz,3
1ouz,5
1x9w,2
4d8j,2
8ici,2
8ici,3
1x9w,4
8ici,1
6cto,2
6f57,2
6f57,3
6f57,4
6f57,1
2gij,2
4pu4,4
4pu4,3
2efw,1
5kt3,2
5kt3,1
1tv9,3
1tv9,1
3oh6,3
1tv9,4
3oh6,2
1tv9,2
3oh6,1
1zqn,1
3fhz,2
6cr4,1
6cr4,4
5v0l,1
1zvv,3
1zvv,1
1zvv,2
6cr4,3
3vok,1
3sq0,2
4ail,1
2y1i,1
4ail,3
1oh5,2
3oyl,3
1oh5,3
3oyl,2
1rrs,1
1rrs,2
3oyl,1
1oh5,1
4qwd,3
1jj4,2
3sq0,3
3vok,2
3sq0,1
5cbz,1
5v0l,2
5cbz,2
5v0l,3
5v0l,4
4qwd,2
1rrs,3
1qp7,2
5cbz,3
2hw3,3
3oya,1
6cnq,2
5ond,1
5ond,2
1f4k,1
4e0d,2
5zk1,1
4nm2,2
4nm2,1
4nm2,4
6bel,4
1ouz,2
1n6j,3
1x9w,3
1x9w,1
1ouz,4
4i29,1
6bel,2
6bel,1
4nm2,3
6bel,3
1n6j,2
4m94,2
4m94,1
5zk1,3
5zk1,2
4d8j,1
4d8j,3
3av2,5
3av2,4
5e6c,2
5e6c,1
2nqb,1
2nqb,3
2nqb,4
4hf2,3
2dp6,2
3a5t,3
2jej,2
2jej,1
3a5t,2
3oh9,3
4gjr,1
3oh9,1
3ugm,2
3ugm,3
3ugm,1
1bf5,1
1bf5,3
3lsp,2
2gws,2
1unm,2
5clb,1
4uzb,1
4gz2,2
1yrn,2
1yrn,1
3fof,1
5a74,1
5e6c,3
3fof,5
3g6y,1
3fof,3
3fof,4
3fof,2
2es2,2
1t8i,3
4ub3,3
1crx,1
1crx,2
5t01,3
5t01,2
2es2,1
5t01,1
1t8i,1
1t8i,2
1ztg,2
5bt2,1
5bt2,3
5bt2,2
4hf2,1
6eht,2
4ub3,4
4jjn,6
4jjn,1
4ub3,2
4jjn,4
4jjn,7
1yrn,3
2ofi,3
2ofi,1
2is4,1
4qw9,1
1nnj,1
4pd2,1
2ibk,2
4l18,1
4iht,1
4l18,2
2ibk,3
5e6a,1
5e6a,3
5e6a,2
4l18,4
4tup,4
1a1l,1
3x1u,1
1qum,1
5vhv,1
1qum,4
1p3k,2
1p3k,5
1qum,2
1p3k,4
1p3k,1
3po4,2
3t5k,3
3x1u,5
3x1u,2
3x1u,4
3t5k,2
3t5k,1
1qum,3
5vhv,2
5vhv,3
3po4,1
3m9n,2
3m9n,3
5cpi,3
4tup,3
3g9m,3
4tup,2
5cpi,4
3w3c,2
5cpi,2
4aaf,2
3laj,3
3laj,2
4ed2,2
5ugn,1
4ed2,1
3laj,1
4osq,1
4osq,2
2xgq,1
3x1u,3
3po4,3
5odn,1
5odn,2
5odn,3
4ecx,3
4ecx,2
2fvs,2
4ecx,1
5ugn,4
5ugn,2
4ed2,3
5ugn,3
1xbr,2
3val,2
5eh2,2
1jh9,2
2va3,3
3ndk,3
3ndk,2
4rtj,1
5mma,3
3ndk,1
1xbr,1
1jh9,1
5eh2,1
5eh2,3
1rb8,4
1rb8,3
1rb8,1
3val,1
1rb8,2
2c7p,3
4pdi,2
3nh2,2
1wte,2
1wte,1
1wte,3
4unb,2
4unb,4
6fqs,2
3cmx,1
2va3,2
4hje,3
3jpn,4
4hje,1
3cmx,3
3jpn,2
3jpn,3
1awc,3
4reb,4
5t14,1
5nkl,2
3jpp,4
2nqj,1
2nqj,2
4wuz,2
3e41,2
3e41,1
4rdm,3
4rdm,2
4a8k,1
6crc,4
6crc,2
4auw,3
4auw,2
4x4e,3
1wtv,1
5vu7,2
1qrv,2
1n4l,3
2is4,2
5gwk,3
6d0m,2
1nnj,3
6d0m,1
5gwk,1
4bnc,2
4e5z,1
5v1f,2
8icf,1
8icf,2
4phd,4
4phd,1
4phd,3
3wtu,4
4phd,2
3wtu,2
3wtu,5
3wtu,3
1dsz,3
1bf5,2
3lsp,1
5clb,3
5clb,2
4qw9,3
4qw9,2
1n4l,1
6d0m,3
1wtv,2
3bty,3
4tu7,2
3bty,2
4tu7,1
5vu7,3
1qrv,1
2gws,3
2gws,1
1unm,1
2gws,4
1az0,2
2oxv,1
5gke,2
4lmg,1
4fgn,3
4fgn,1
2r2r,2
1mq3,4
2jej,3
4lg7,1
4gjr,2
4nw3,2
4nw3,1
3wvg,2
4lmg,3
5ciz,2
6c1u,1
6c1u,3
3wvg,1
2dp6,1
2dp6,3
6c1u,2
5ciz,1
4fgn,2
2r2r,1
2r2r,3
4lg7,2
3a5t,1
4gjr,3
3oh9,2
4usg,2
4usg,1
5ciz,4
5ciz,3
5hrf,2
4lmg,2
5gke,3
1az0,1
5gke,1
2oxv,2
5hrf,1
4uzb,3
4uzb,2
5l1j,3
5l1j,2
4gz2,1
5l1j,1
4rdm,1
1mjp,2
5d46,1
4ebc,3
4yd2,2
4ebc,1
4ebc,2
4yd2,3
4rq0,4
4rq0,2
4rq0,3
2nqb,2
2nqb,5
4hf2,2
4kb1,2
4kb1,1
6eht,3
6eht,5
1qpi,3
6eht,4
1qpi,1
1qpi,2
1rzt,1
2ofi,2
6eht,1
4ub3,1
2pi5,1
4jjn,2
4jjn,5
2pi5,2
4jjn,3
3g6y,2
4k4h,1
4z2c,4
5d46,2
5d46,3
1r4r,1
1r4r,3
5w9s,2
2dpu,1
2dpu,3
4x0g,1
2w8k,3
2w8k,2
1z1c,1
3b39,1
3g00,2
2evf,3
2evf,2
3rbe,1
1ga5,3
3ulp,1
1xsl,1
4fjx,2
3g00,1
3g00,3
3t5h,3
1qnc,1
4fk0,3
4fk0,2
5t14,2
3jpp,3
5nkl,1
1d8y,1
1d8y,2
2c7p,1
3nh2,1
3mgs,6
4xiu,3
4xiu,2
4xiu,1
3mgs,2
3mgs,3
3mgs,1
2c7p,2
5hk3,2
4pdi,1
4pdi,3
5hk3,1
3c2m,4
3q0c,1
2xe0,4
6en1,3
1cf7,4
1pp7,3
1pp7,2
5kfz,1
5thg,3
6asb,2
5thg,2
2xe0,2
4wuz,1
6fqs,4
2va3,1
4rtj,2
5mma,2
5mma,1
4hje,2
3jpn,1
5v0e,2
1r7m,3
2ajq,3
2ajq,4
5wvw,2
4cch,2
4cch,3
4k96,3
5ean,2
5dtd,2
5dtd,3
3kde,3
3zp5,2
3kde,2
4x4b,3
3kde,1
4x4b,1
4a0a,4
3zp5,1
4x4b,2
3zp5,3
1q3f,1
3an2,5
1q3f,3
4a0a,2
4a0a,1
1q3f,2
3an2,1
4a0a,3
3an2,4
3an2,2
3udg,2
3hw8,3
3hw8,1
4du4,1
4oip,8
4oip,4
4oip,7
3cwa,3
3g6r,2
4z5t,1
4dpv,1
4du4,2
4du4,3
3an2,3
4dpv,2
5bs8,1
5bs8,3
4z5t,5
2gig,1
2gig,2
3udg,1
5dlj,3
5dlj,2
5dlj,4
5dlj,1
3sqi,2
4z4q,4
4z4q,3
4irk,2
4irk,1
4dl3,1
1p3f,2
2c62,2
2c62,1
4z4q,5
2v6e,3
4z4q,2
3lzi,3
3lzi,1
1zjn,4
1zjn,3
1p3f,1
4dl3,2
4mte,3
4q8e,2
2v6e,2
4q8e,1
3lzi,2
4oiq,2
4z4q,1
1zjn,2
4wu9,2
4jcx,2
4r79,4
5dg8,3
5e67,1
3jr9,3
4bwj,2
3jr9,1
4bwj,1
4wu9,6
4wu9,5
5e67,3
1rm1,1
8ich,2
4wu9,1
2euz,2
2euz,3
8ich,3
3jr9,2
4r79,2
4r79,3
5dg8,2
5d5v,3
5d5v,1
2oaa,3
2oaa,2
5d5v,2
2oaa,1
5hlk,2
5hlk,3
4r8p,7
4r8p,1
5hlk,1
4r8p,6
4r8p,5
4r8p,2
4r8p,4
4un9,4
4un9,3
4r8p,3
4r8p,8
3o1v,2
3o1v,3
2xsd,1
2xsd,2
2xsd,3
5e3o,3
5e3o,1
4qwe,3
4x5v,2
1qn5,2
1h9d,3
5v1g,2
5v1g,3
1bdh,2
2rdj,1
4lvl,2
1dh3,2
4rpx,2
4rpx,3
4rpx,4
4k4h,3
3jpp,2
3jpp,1
2nqj,3
5zln,3
4z2c,1
1awc,4
4reb,1
5nkl,3
1zay,1
1zay,2
2xgq,2
4osq,3
1awc,2
4reb,2
4reb,3
1awc,1
4x4i,1
1mwi,2
1mwi,1
3av1,4
3av1,5
3av1,2
4hc9,2
4rq5,2
4rq5,4
4rq5,1
4rq5,3
4hc9,1
4hc9,3
1crx,3
1crx,4
1yrn,4
3g6y,3
3fof,6
1t8i,4
5vhe,2
5a74,3
5a74,2
5vhe,1
1ztg,1
3m9n,1
3g9m,1
4tup,1
3w3c,3
3g9m,2
5cpi,5
5cpi,6
3w3c,1
5cpi,1
4aaf,1
2fvs,1
2xgq,3
4fk0,1
5t14,3
6fqs,3
6fqs,1
4unb,1
3cmx,2
1p3k,3
1a1l,3
1a1l,2
4wuz,3
2up1,1
2up1,2
4unb,5
4unb,3
3qev,2
3qev,3
3lwi,1
4skn,1
1ytf,2
1ytf,1
1ytf,6
1ytf,5
1ytf,4
1ytf,3
5l0m,3
5l0m,2
5l0m,1
9icy,2
9icy,1
1zr2,3
1zr4,1
1zr2,1
4fbu,1
4p0r,5
3khr,2
3cbb,3
5a72,1
3qz7,2
3qz7,3
3cbb,1
3qz7,1
3cbb,2
3khr,1
2xma,2
3gp1,1
3gp1,2
2xma,1
4ihv,1
4mtd,2
4ihv,3
5mg7,1
5l1i,3
4gz0,2
5l1i,2
4gz0,1
1vrl,2
5l1i,1
1vrl,1
3vag,2
1vrl,3
1p5w,1
5um9,2
5um9,3
1rtd,3
5um9,4
1wtw,1
1ynw,1
1ynw,3
1ynw,4
1ynw,2
1jmc,1
1jmc,2
3vag,1
2o8b,2
5yx2,3
5yx2,2
5yx2,1
1wtw,2
3lwi,2
5b33,4
1ku7,2
5b33,2
4xq8,3
4xq8,1
4rtl,3
1mtl,1
4rod,3
4rtl,1
3px0,2
1xvr,1
4rtl,2
1xvr,2
1mtl,2
2wtu,1
2heo,1
2heo,2
5vu9,1
3p57,3
3rjk,4
3rjk,1
6erq,3
4aik,3
5a72,2
4aik,2
6erq,1
6erq,2
4q10,3
1pt3,1
6erq,4
3u60,3
3u60,4
3u60,2
3u60,5
1lwv,1
1rnb,2
4k4i,3
4k4i,1
1bgb,2
1vtg,2
1vtg,1
4k8z,3
4f1h,2
4f1h,3
3sar,1
3azn,1
3azn,4
3azn,3
3k5l,1
1rnb,1
4k4i,4
4k4i,2
4p0r,2
3px4,1
4qlc,2
4qlc,4
4qlc,5
4oqb,2
2pub,1
1zzj,2
4e7j,3
6a5n,3
4c2u,3
6a5n,1
4c2u,2
2hoi,1
2hoi,2
4nlg,1
6a5n,2
4nlg,3
4nlg,2
1omh,1
9mht,1
1u49,1
3veb,3
5j2y,2
5j2y,3
5j2y,1
5w43,3
1emh,1
1h88,2
4e10,2
4e10,1
5t2w,1
5db7,3
5db7,2
5db7,1
1xf2,1
1xf2,3
1xf2,2
1vol,1
1dc1,2
3qet,1
5tyd,2
5tyd,4
5tyd,3
5wwc,1
5wwc,2
5iwi,3
5iwi,1
5iwi,5
5iwi,4
1xvk,1
1vol,3
3i8d,1
1vol,2
1n6q,1
1n6q,5
5oqo,3
1n6q,4
5oqo,1
5oqo,2
9icn,2
2f5p,1
1n6q,6
1n6q,2
5ink,1
4iqj,3
5k17,2
1zjm,3
1zjm,1
3mht,1
1jkq,2
1jkq,3
9icn,1
4g7h,5
2f5p,2
2f5p,3
1qsy,1
1pji,2
3jrd,1
3wpd,1
1oe5,2
1oe5,1
2nra,3
5x07,1
1lv5,1
1lv5,3
3q3d,2
1dew,1
3sm4,1
1lv5,2
1oe5,3
3sm4,2
5x07,3
5x07,2
3sm4,3
4una,3
4una,2
4una,4
3v9s,2
4una,1
2bcv,2
1vkx,2
1m5r,3
1vkx,3
1vkx,4
1p3b,4
1p3b,2
4n47,1
1p3b,3
1p3b,5
4n47,3
4fm2,2
4fm2,1
5b24,2
3oqg,2
3oqg,1
3oqg,3
2bcv,4
1vkx,1
1m5r,1
1p3b,1
5v05,2
5v05,3
5v05,1
5b24,1
3v9s,1
1m5r,2
2bcv,3
2bcv,1
4r2q,1
4tus,3
4tus,4
4x0p,2
2r8h,2
1sl2,2
4j01,1
1xhv,2
3wvh,2
5w6q,1
5ybb,3
5ybb,4
4x0p,3
2fd8,1
1xhv,3
1sl2,1
1rfi,2
2wj0,3
4l0z,2
4l0z,1
3hos,3
4ez9,2
3uiq,1
2rba,2
2rba,3
6dww,3
5yv4,2
1qpz,1
1qpz,2
5yv4,1
1nop,3
1r4i,1
8icz,3
1nop,1
5d4r,1
1nop,2
1r4i,3
3ufd,1
3ufd,2
3ufd,3
2puc,1
4g3i,2
1ig7,3
3kk3,1
4qgu,1
5yws,1
2opf,1
2opf,3
5ke7,3
5ke7,1
3jrb,1
5ke7,2
1ruo,1
4a09,2
1m07,1
4a09,1
3bjy,3
2opf,2
5yws,2
4j2b,1
6crb,1
6crb,2
4yit,3
4lvi,3
3qei,3
2ezv,1
2fjv,1
2ezv,3
2fjv,2
4crx,1
4crx,2
2fr4,2
2fr4,3
5dbc,2
5dbc,3
5dbc,1
1glu,1
1glu,2
5u2t,3
1ruo,3
1a1i,2
5j2i,2
2hhv,2
2hhv,1
6ctv,4
6ctv,3
4c8o,1
3waa,3
3waa,2
4r2s,2
4c8o,2
4dsl,2
4dsl,3
2ge5,1
3ogd,1
4fj9,2
1wb9,2
2fvr,1
1d0e,2
4rq1,2
3wph,1
2fvr,2
5d9i,2
4guq,1
7mht,1
3in5,3
3rh4,3
3rh4,1
6amo,3
6amo,2
5gkf,3
1k4t,1
1k4t,2
6cr9,4
1k4t,3
1k4t,4
5b0y,3
5b0y,5
5b0y,2
4ed8,2
4ed8,3
4ed8,1
5b0y,4
5kl5,1
3e40,1
1cl8,1
3pw2,3
3pw2,1
5vmv,2
3g6x,2
5vmv,1
5tw1,6
5tw1,7
5jlt,2
3g6x,1
5tw1,3
5tw1,2
3v9x,2
5w9q,2
5w9q,1
4rq1,4
1d0e,1
7mht,3
4p9u,2
4rno,2
4zpr,4
4tuq,2
4tuq,3
4tuq,1
3qnn,3
2xqc,1
2xqc,3
1fjx,1
3qnn,2
1cl8,2
5tw1,5
2z70,1
3d0p,1
3jrh,2
5hri,4
2z6a,2
4f3o,1
1jb7,2
3ih7,2
5jxy,1
5jxy,2
3oha,1
3oha,3
4a08,3
4a08,4
5d4r,3
3oye,3
8ico,3
5tyy,2
5tyy,1
4r2q,3
4r2q,2
5v04,3
5v04,2
5v04,1
4l0z,3
4ez9,3
2rba,1
6dww,1
2f5o,3
2f5o,2
2f5o,1
3bm3,1
5d4r,2
3bm3,2
8icz,2
8icz,1
3bm3,3
1r4i,2
1ng9,2
3sq1,1
3sq1,3
4bhk,2
4bhk,3
1p71,1
3v7j,3
3v7j,1
3ksb,1
3ksb,3
5cr0,1
3ksb,2
3ksb,4
5keg,1
2q2k,2
2o59,2
4e54,3
4e54,4
5eyb,2
5eyb,1
1sl2,4
1sl2,3
3wvh,1
5keg,2
4kyw,2
4e54,1
4kyw,1
5eyb,3
4lvi,2
4lvi,1
2ahi,2
3qei,2
3qei,1
2ezv,2
2fr4,1
2fjv,3
4j9q,3
4j9q,2
3gyh,2
1ruo,2
5u2t,1
5u2t,4
5u2t,2
6crb,4
4j9q,1
5dbc,4
3gyh,3
3gyh,1
2fl3,1
2fl3,2
1u78,3
1hw2,3
4yg1,2
4yg1,3
6dx0,3
2fld,3
2q2k,1
2fld,2
2o59,1
2fld,1
4e54,2
1hw2,1
6dx0,1
1oe4,1
6bce,2
6bce,1
1oe4,3
6bce,3
2wb2,1
1u78,1
4yg1,1
2wb2,3
1rfi,3
4ov7,2
4ov7,1
4ov7,3
2ahi,1
5haw,2
5haw,1
3bjy,2
3bjy,1
3jrb,2
3jrb,3
5haw,3
4zm0,2
4dtn,3
4qz8,3
3bie,1
1q9x,2
6b0r,3
1q9x,3
5x6h,2
8ico,2
8ico,1
5tyy,3
5tyy,4
5dbb,1
5dbb,2
1kx4,2
5w2a,3
1rbj,1
1rbj,2
5ybb,2
4u7c,2
4u7c,3
1b72,4
3gdx,4
4u7c,1
3gdx,2
3gdx,3
3gdx,1
4lzg,3
4qep,1
2qhb,1
2qhb,2
4bul,1
4bul,2
4bul,3
4m0a,2
4m0a,4
4b9s,2
7icv,2
5yut,2
4qz8,2
4b9s,3
4b9s,1
4qz8,1
5yut,1
3s3o,2
5fmp,1
5x6h,1
2wj0,1
2r8h,1
4j01,2
1xhv,1
2wj0,2
2fd8,2
4tus,1
4x0p,1
4tus,2
2r8h,3
4nca,3
4nca,4
3jps,2
3jps,1
3jps,4
1p4e,5
1p4e,4
5yj3,3
3c1c,5
3c1c,1
3c1c,4
3c1c,3
3waa,5
3waa,4
3waa,1
1l2b,2
3s6i,1
4fzy,1
4uno,1
3u6d,3
4a8y,2
3sse,2
3sse,3
3sse,1
5yj3,1
3c1c,2
5vs0,2
5vs0,3
5vs0,4
3il2,2
4rq4,3
4a8y,1
4rq4,2
4rq4,1
4rq4,4
6ctv,2
6ctv,1
4c8o,3
2ypf,2
5cpj,6
5cpj,2
4oio,6
4oio,5
3wvp,3
3wvp,4
3wvp,1
2han,2
2han,1
2han,3
5mpf,1
1tqe,4
1tqe,2
1tqe,3
5cpj,5
2ypf,1
5eea,3
5eea,2
5eea,1
2ypf,3
5cpj,1
4oio,2
5j2i,3
5j2i,1
1tqe,1
4fzy,2
4fzy,3
4r2s,3
4r2s,1
3kqk,1
3u6d,2
3u6d,1
1l2b,1
1l2b,3
1l2b,4
1a1i,1
1a1i,3
5j2i,4
3s6i,2
3s6i,3
2hhv,3
5dui,2
3l1p,1
4xpc,2
4xpc,1
5yj3,2
5nw5,1
4m3y,3
5zko,2
5zko,1
1jft,1
4m3y,1
5vs0,1
5nw5,2
1jft,2
3iv5,3
3iv5,1
5dui,1
3l1p,3
3l1p,2
5cg9,2
5cpj,4
5cpj,3
4oio,7
4oio,4
4oio,3
4oio,1
2han,4
1w36,4
1pp8,2
1pp8,1
3fmt,2
4dtn,2
4dtn,1
4ne1,4
4ne1,2
4z58,1
4ne1,1
4ne1,3
7icv,1
3bie,3
7icv,3
1q9x,1
3bie,2
3s3o,3
3s3o,1
6b0r,1
6b0r,2
4c8k,3
4c8k,1
3dfv,1
5w6q,3
5ybb,1
1b72,1
1b72,2
1b72,3
5fmp,3
5fmp,2
1o3q,2
3fmt,1
4c8k,2
3dfv,2
2bnz,2
2bnz,3
3l4k,3
3l4k,4
3bam,4
3l4k,1
5cr0,3
2wiz,1
5trd,3
4ric,2
5trd,1
4z58,2
5cr0,2
1ng9,3
1ng9,1
4nlz,1
4nlz,3
4nlz,4
3sq1,2
5w6q,2
4lzg,1
2qhb,3
4lzg,4
4qep,2
4qep,3
4lzg,2
3v7j,2
4nlz,2
2nol,3
2geq,2
2nol,2
4j2e,2
4j2e,1
1f66,2
4j2e,3
4fj5,2
4dtp,2
4fzx,2
1z1g,7
1k82,2
1k82,1
4ztz,3
2wbs,3
1hjc,2
3rek,4
5xsk,1
1tk0,3
1tk0,4
5xsk,3
1tk0,2
3cmw,2
3po5,2
3d6z,1
3d6z,2
4uqg,1
6fj5,1
5ay8,5
5ay8,4
2c6y,2
2c6y,1
4m8b,1
2wbs,1
1hjc,1
4ztz,4
3cmw,1
4ztz,1
1esg,3
5cg8,3
1esg,2
5cg8,2
1esg,1
5cg8,1
1tk0,1
1f66,1
6fb8,2
6fb8,3
1nk8,3
3e00,5
3e00,2
1g38,2
1g38,1
3rzl,3
5txn,3
3mzh,1
5ity,2
4rtk,1
4kle,3
5j2n,4
2c5r,1
2c5r,3
2c5r,2
5av6,2
1jj6,2
2hvi,1
2hvi,3
1jj6,3
3mkz,2
4kle,4
5j2n,3
5av6,3
5av6,4
5av6,5
5av6,1
2hvi,2
4dsj,1
5iwm,2
2w9a,3
2w9a,1
3mip,2
4un7,4
4un7,3
1drg,1
1drg,2
1drg,3
3gpx,2
3gpx,3
3gpx,1
4dsj,3
5iwm,4
5iwm,3
5iwm,1
1cez,3
1bp7,3
1mw8,2
3w98,1
5kse,2
5kse,3
5kse,1
5dfj,2
3g0r,2
3g0r,1
5dfj,3
5cmx,1
4gxi,2
5cmx,3
4gxi,1
5cmx,2
2erg,1
5wo0,4
5wo0,1
3hzi,2
6f59,2
2uvu,1
4g83,1
4qqz,1
3eeo,1
4uus,3
4u0y,2
4uus,1
4u0y,1
4pog,2
4dm0,2
3g0r,3
2p5g,1
3lk9,4
4pxi,2
3w98,3
5kse,4
4ecq,1
5dfj,1
4un7,2
4dm0,3
2p5g,2
4dm0,1
3lk9,1
4pxi,3
2p5g,3
9ant,2
2zke,3
9ant,1
9ant,3
2zke,2
5z2t,2
5z2t,1
1evw,4
4fj5,3
4dtp,3
3rej,3
1y6g,2
3rej,1
1c8c,1
4ymn,1
5f7q,1
4ymn,2
3epi,1
5hrk,2
5frn,3
4cei,2
5d3g,3
3q8r,2
3q8r,1
5d3g,1
3k59,1
4cei,3
2y1j,3
4cei,1
2y1j,1
2y1j,2
3q8r,3
2d5v,1
2d5v,2
2d5v,3
3c2l,1
3c2l,2
5th3,4
5th3,1
5th3,2
3c2l,4
4e7h,2
2wty,3
1y6g,3
1gd2,2
4fzx,3
4dtp,1
1z1g,6
4fzx,1
3rej,2
3rej,5
3rej,4
1c8c,2
9ica,2
9ica,3
1z1g,4
5cdm,2
5cdm,3
1le9,1
1le9,3
1le9,2
1le9,4
4r2r,2
3on0,2
5cdm,4
5cdm,1
9ica,1
1k82,3
4fj5,1
1z1g,5
1z1g,3
1z1g,2
1z1g,1
4r2r,1
4r2r,3
3on0,1
2wty,1
1evw,5
1gd2,1
1hlo,3
1hlo,2
5x6d,2
5k97,1
1hlo,1
6ctu,4
5yty,3
1yfl,1
1yfl,2
3foe,2
3foe,4
4dsj,2
3mip,1
4yfh,2
6ctu,2
6ctu,1
6ctu,3
3foe,6
3foe,5
3foe,1
3exj,2
5l1k,1
2ypa,5
2ypa,3
2ypa,2
4r28,1
4m3x,1
5t8d,2
5e6b,1
3v6k,1
3exj,1
5t9j,4
5t9j,5
5t9j,2
1gu5,2
1gu5,3
8ica,1
8ica,2
1ph6,1
1ph6,4
4hj8,1
6dt7,1
4j8x,3
4j8x,1
4j8x,6
4j8x,5
4j8x,2
4evv,1
4evv,2
4evv,3
1sc7,1
1sc7,2
1sc7,3
4irc,1
5t9j,3
5t9j,1
1gu5,1
1ph6,2
5itx,2
1p3l,4
1p3l,5
5itx,3
1p3l,3
1p3l,2
6dt7,3
6dt7,2
5gkr,3
4guo,3
4pw7,3
9ics,3
1zqj,3
2np6,3
6gn7,1
4glx,1
4mgt,1
4mgt,3
1l3u,1
6m7v,2
6m7v,3
4g4n,1
4glx,2
4glx,4
2np6,1
1hf0,3
4g4n,2
6m7v,1
4glx,3
4mgt,2
5gkr,1
5gkr,2
4iwr,2
4pw7,1
4guo,1
4guo,2
4b23,1
4q45,3
9ics,1
1fos,1
1fos,2
4ejy,3
1fos,3
4ejy,2
1fos,4
3gxq,3
9ics,2
4q45,2
4q45,1
1zqj,2
1zqj,1
1hf0,1
4g4n,3
4ejy,1
3gxq,2
3gxq,1
2np6,2
6gn7,2
6gn7,3
1hf0,2
3khh,2
5hlh,2
5x6d,1
5x6d,3
3lwl,1
2nof,2
9icb,2
4jv2,1
5hlh,1
9icb,3
3khh,3
4jv2,3
9icb,1
8ica,3
3hqg,2
4g0w,2
5k97,5
5k97,2
5k97,4
5k97,3
4z3a,3
4g0w,1
3khh,1
1by4,3
1by4,2
1by4,1
5u91,3
5u91,2
2nof,1
2noz,1
2noz,2
5u91,1
3lwl,2
2wiw,1
3lwl,3
2noz,3
4jv2,2
1w7a,2
3hqg,1
1w7a,1
3s3m,2
3s3m,1
3s3m,3
1cez,1
3spd,1
3s9h,1
2r8g,3
2r8g,2
2r8g,1
3hzi,1
2erg,2
5wo0,3
5wo0,2
4mf2,1
4mf2,4
4mf2,2
4mf2,3
3lk9,3
3lk9,2
4pxi,1
2zke,1
5z2t,3
1mw8,1
4ecq,3
3w98,5
3w98,4
3w98,2
4ecq,2
4dqq,2
3gq3,1
3gq3,2
4dqq,1
4cis,2
4cis,3
4cis,1
2w9a,2
3mip,3
4yfh,3
1jey,2
1jey,4
1jey,1
1jey,3
5dac,2
4yfh,1
5yty,1
5yty,2
3foe,3
4lq0,1
1kln,1
4yr2,2
7icj,1
7icj,3
4wu8,1
5hrl,4
5hrl,2
4wu8,2
4wu8,5
4wu8,6
6bow,3
6bow,1
1vs2,2
2hap,3
2hap,1
4z5h,1
4yr2,3
4yr2,1
1kln,3
4lq0,2
1bp7,1
2hap,2
4s04,1
4s04,2
1g3x,1
5n9f,2
6byy,1
6byy,3
2pfn,1
6byy,2
2pfn,2
2pfn,3
3igl,2
3igl,1
2isz,1
4dqq,3
2isz,3
1suz,1
2isz,2
4pw5,2
4pw5,1
4pw5,3
3gq3,3
4rq7,2
5hdn,1
4rq7,3
3w96,2
4rq7,1
6ct9,2
2x6v,2
2d45,1
1skm,3
1skm,1
4aad,1
4aad,2
2nof,3
5fhe,1
5ds4,3
2x6v,1
2d45,2
1cit,2
1io4,1
1io4,3
4i7y,3
1ua0,3
4i7y,2
4i7y,1
5n9f,1
1ph6,3
1p3l,1
4hj8,2
4j8x,4
4irc,3
1sc7,4
5t00,2
4irc,4
5zen,2
5zen,3
5zen,1
6gis,3
6gis,2
2dwl,1
2dwl,2
5bpi,2
5bpi,3
2is6,2
6gis,4
2is6,1
4b23,2
3i49,2
4b23,3
3i49,1
4pw7,2
4iwr,3
4iwr,1
6gis,1
5bpi,1
1qn3,1
6cro,2
5t00,1
5t00,3
3u6m,1
2ypa,4
1dct,2
1dct,1
2zkd,1
4nm6,1
2zkd,2
4qzg,2
4qzg,3
4qzg,1
2zkd,3
5l1k,3
3u6m,2
4gxi,3
4gxi,4
3osf,2
3osf,3
4g83,2
3t79,4
3osf,1
3hzi,3
1cit,1
1cit,3
1io4,5
1io4,4
1ua0,2
1ua0,1
5dac,3
5dac,1
3u6m,3
6cr8,1
2ypa,6
5l1k,2
6cr8,3
4ym6,1
4yph,3
4m6f,3
4uaw,4
4m6f,1
4uaw,1
4uaw,2
4m6f,2
5f9l,2
5f9l,3
5w0u,3
5w0u,2
5f9l,1
5w0u,1
4xxe,2
1p34,1
5hrt,2
1p34,3
1p34,5
4xxe,1
1p34,4
1p34,2
5hrt,1
2r5y,3
5kff,3
2ypb,4
1m0e,3
4eyi,1
2ypb,2
4j2d,2
4j2d,1
3uvf,3
2c7q,1
1zqg,2
1zqg,1
4fm9,1
1rc8,1
1seu,4
1seu,2
1seu,1
1seu,3
5ulx,1
5ulx,2
4xlq,5
3zh2,2
4xlq,2
5x6g,1
1s97,2
3ut9,2
3ut9,3
5i50,2
5uhf,6
5uhf,1
5uhf,3
3pw5,2
3pw5,1
5zjs,1
5zjs,3
5crj,2
5zjs,2
5lcm,2
5v1o,1
5kfa,1
3ut9,6
3ut9,4
3ut9,1
5uhf,5
5uhf,7
3pw5,3
5i50,3
5uhf,4
5uhf,2
5lcm,3
5v1o,2
4qzi,3
4qzi,1
5v1o,3
5v1o,4
4yph,2
4yph,1
4uaw,3
1zs4,1
5gse,5
5deu,2
5deu,3
5deu,1
1zs4,2
5gse,1
5gse,3
5gse,2
1ijs,1
1ijs,2
5kfa,2
3ut9,5
5i50,1
3go3,1
5gse,6
3go3,2
5zjs,4
3a46,2
5crj,3
3a46,3
5crj,1
3a46,1
5lcm,1
4qzi,2
3exj,3
2xcr,3
4kll,1
1bpx,3
3jr4,1
3spl,3
3spl,2
3fsi,2
3fsi,1
5wn2,2
5wn2,3
5wn2,4
5cdq,2
5cdq,3
5cdq,1
2vs7,3
4gcl,2
5kfd,2
5clv,2
5clv,1
2owo,1
2owo,4
1l1t,1
3q23,2
4ff4,1
4g4q,3
3mgp,1
4g4q,2
5cqq,1
4fjh,3
3irr,2
5l6l,3
8ics,2
1skn,1
5l6l,4
1skn,3
9icq,1
2kzm,2
5kfd,3
1l1t,2
2owo,2
1l1t,3
2owo,3
1wet,1
3qmd,1
1wet,2
3pw0,1
3brg,2
4a0l,4
4a0l,5
3qmd,2
3pw0,2
3qmd,3
4ds4,1
4ds4,2
4ds4,3
3pw0,3
3q23,1
4gcl,1
2kzm,1
5kfd,1
1pfe,1
4lz4,2
4lz4,1
3igk,2
3g6t,1
3igk,1
3gpp,2
3gpp,3
1sa3,2
4bac,4
4bac,3
4bac,1
3ldy,2
4x0q,1
1au7,2
3rnu,2
4aab,2
4aab,1
3rnu,1
4c2u,1
5iio,3
4x0q,2
4x0q,3
1au7,1
1au7,3
4kpy,1
4kpy,4
5eg6,1
4e7j,2
3gpu,3
3gpu,1
5k5h,3
3d6y,2
3zvn,1
5k5h,1
4j9o,3
4dwi,2
5ze1,9
5ze1,7
5ze1,3
4rzr,2
5ze1,1
1ubd,2
1eo4,1
2hoi,3
4dwi,1
5iio,1
5iio,2
5iio,4
5ze1,2
4rzr,1
3zvn,2
3d6y,1
5k5h,2
3qlp,2
6ctt,4
6ctt,1
3qlp,1
1t2k,5
1t2k,3
1jgg,2
1l5u,3
1akh,4
4hyk,1
1unj,1
1d66,2
6ctr,3
5k58,2
1hi0,1
2zkf,3
2zkf,1
5odl,2
4gfb,3
3wtw,5
2jg3,1
4r24,2
4qeo,2
4qeo,4
4qeo,3
4a0l,3
4a0l,2
7icr,2
4mzr,2
1bdx,2
4mzr,3
5cl5,2
1d66,1
4xzf,1
4qeo,1
4r24,1
6ctr,4
6ctr,1
4xzf,2
4a0l,6
5cl5,3
5cl5,1
1d66,3
6ctr,2
4osi,3
4osi,1
4dtu,3
3cw7,1
3cw7,3
3u3w,3
3u6f,1
3cw7,2
3u3w,4
3u3w,2
4mzr,1
4hyk,3
4hyk,2
2fdk,2
1mhd,1
5egb,2
5egb,1
1mhd,2
1mhd,3
1bdt,2
1bdt,1
6dt1,4
6dt1,1
2fdk,1
4kpy,3
5eg6,2
5eg6,4
4e7j,1
3gpu,2
3rnu,3
4aab,3
5eg6,3
4e7j,4
4yov,2
5w36,1
4r2p,2
4r2p,1
5w36,2
5uug,1
4r2p,3
3ugp,1
3ugp,2
4yov,1
5uug,3
5uug,2
1s9k,5
5ego,2
1s9k,3
3gnb,3
4kpy,2
3c5f,3
3c5f,1
3c5f,2
5vrw,2
5vrw,3
5vrw,4
4iri,3
5tyd,1
5vrw,1
4iri,2
4iri,1
3qet,3
1kix,1
3c5f,4
3oda,1
3rzm,1
4oto,1
4ni9,1
5vpf,2
3klg,2
5vpf,1
4oto,3
1tk8,3
1tk8,4
1tk8,1
3klg,1
3oda,2
3rzm,3
3rzm,2
3g6v,2
1xvk,2
5d2s,2
3cwt,1
3cwt,2
5d2s,1
3cwt,3
3azm,3
3azm,5
6bd0,2
6bd0,3
6bd0,1
3azm,1
3azm,4
3azm,2
5b24,5
5iwi,2
5b24,3
5b24,4
2pfo,2
5kbd,3
5kbd,1
3ktq,3
3g9i,2
3g9i,3
2ago,1
2ago,3
1zqo,3
1zqo,2
1zqo,1
2ago,2
1ig7,2
8icm,2
8icm,1
1v15,1
4yir,4
5vi0,3
5kbd,2
3ktq,2
3ktq,1
3g9i,1
4g3i,3
4g3i,1
8icm,3
4ub4,1
5j2d,3
4ub4,4
5j2d,2
4ub4,3
5j2d,4
4ub4,2
5j2d,1
1v15,2
4yir,1
2prt,2
2prt,1
2prt,3
6gcf,1
2i06,1
5xf6,1
2pfo,4
4yir,3
4yir,2
1ig7,1
5xf6,6
5xf6,5
5xf6,2
5xf6,3
7icu,3
7icu,2
2bsq,1
2bsq,4
6dt1,2
2o6m,2
6dt1,3
7icu,1
2bsq,2
2o6m,1
2bsq,3
2i3p,3
2i3p,1
2i3p,2
4j1j,2
4j1j,1
1omh,2
1u49,3
3veb,1
5egb,3
9mht,3
1s9k,1
1s9k,2
1bdt,3
1s9k,4
5ego,1
5ego,4
5ego,3
5kg5,1
9mht,2
1u49,2
3veb,2
5kg5,3
3gnb,2
5kg5,2
3gnb,1
1p47,1
1p47,3
2xhb,1
1rvc,3
1rvc,2
3gpl,1
2i06,3
2i06,2
4mfc,2
4mfc,4
4mfc,1
5vza,3
5vza,4
4n47,2
4fm2,3
3isd,4
3isd,2
5xf6,4
2pfo,3
2pfo,1
2xhb,2
1p47,2
1rvc,1
5vi0,1
5vi0,2
3rax,3
3qz8,3
3rax,1
3qz8,1
3qz8,2
6fbi,3
3gpl,2
6gcf,2
6gcf,3
4mfc,3
3isd,3
3isd,1
6fbi,2
6fbi,1
3rax,2
1eo4,2
3klg,4
3klg,3
4j9o,1
1f2i,2
4oto,2
4j9o,2
1f2i,1
4rzr,3
5ze1,6
1ubd,3
1ubd,1
5vpf,4
5vpf,3
4ni9,2
1tk8,2
1fn7,2
4qqw,2
6dfy,1
4qqw,1
3gna,2
2dy4,3
2f8x,2
4gxk,2
4fjm,2
4fjm,1
1w0t,2
4x4g,3
4x4g,1
1nk9,1
1nk9,3
4ed1,2
4ofh,1
1emj,1
1emj,2
4kaz,1
3gq5,1
2w42,3
3v6d,3
4ofh,2
4ofh,3
1emj,3
4kaz,2
3gq5,2
3lsr,1
4ed1,3
4ed1,1
3o1t,3
3o1t,2
3qeb,1
1zqi,1
1zqi,2
1zqi,3
3sq2,3
1t03,1
1t03,5
3d70,1
2dy4,2
3d70,2
2f8x,1
3qeb,3
3qeb,2
3sq2,2
3sq2,1
5g35,3
5g35,2
1j5o,1
1fn7,1
1j5o,2
4xls,8
3o1t,1
1t03,2
1t03,6
5g35,1
1fn7,3
1t03,4
1t03,3
6dfy,2
6dfy,3
3gna,1
3gna,3
2dy4,1
1xpx,3
7icl,2
2q10,2
1eyg,2
2q10,3
5j0u,1
1xpx,1
5btg,3
5kk1,1
5kk1,2
5npp,3
5k5r,1
3dzy,5
3dzy,4
4osj,3
5mmb,2
5npp,2
5d49,4
5d49,2
4osj,1
4osj,2
3dzy,1
3dzy,2
5mmb,3
2i13,3
2i13,2
1f66,4
1f66,5
2i13,1
1f66,3
4yg7,1
1rg2,2
1rg2,1
2nol,1
5u01,2
5npp,1
5k5r,3
5k5r,2
5d49,1
5d49,3
3dzy,3
4yg7,3
2irf,1
2irf,2
5u01,1
5kk1,3
5mmb,1
4yg7,4
4yg7,2
2geq,1
4dqr,3
4dqr,2
5gt0,2
5gt0,3
5gt0,1
4g0r,2
4g0r,1
5gt0,5
3u3y,2
3u3y,1
4dqr,1
5cdn,4
5cdn,1
5gt0,4
5cdn,3
5cdn,2
2fmp,3
3v4i,2
3jre,1
5mf0,1
1qn4,1
1qn4,3
1qn4,2
4gle,1
4gle,2
8ice,2
8ice,3
8ice,1
4gle,3
5dff,3
5dff,1
3v4i,4
2fmp,1
1oh7,2
4kmf,2
4ihs,3
4ihs,2
4ihs,1
1xns,1
5wvz,1
1oh7,3
1l2d,3
1l2d,2
4kmf,1
4dfj,2
4dfj,1
5ffj,1
5iii,1
4g0u,3
3oyd,3
5iii,3
3oyd,2
4g0u,1
3oyd,1
3sv3,2
1xns,2
4dfj,3
5ffj,3
5ffj,2
4i2g,1
4rea,4
4rea,2
4i2g,2
1pjj,2
1pjj,1
5iii,4
4g0u,2
5iii,2
3sv3,3
3sv3,1
1xns,3
5wvz,2
1qaj,1
4z3o,5
4z3o,1
4ubc,4
4ubc,1
4ubc,2
4ubc,3
4rea,3
4rea,1
1pjj,3
4z3o,2
4z3o,3
4z3o,4
1diz,1
1diz,2
1diz,3
9ici,2
4f4w,1
9ici,1
1l2d,1
9ici,3
1oh7,1
5f8a,1
3lwm,2
5f8a,2
1dgc,1
3lwm,1
3lwm,3
5co0,3
1sl0,3
4uuv,2
2p0j,1
2p0j,2
3r7p,3
3r7p,2
4tnt,1
4yqw,1
3thz,2
3d4v,2
3r7p,1
3d4v,1
1qaj,2
1dgc,2
1b95,1
4dtr,2
4yqw,2
3jre,3
3kmd,2
2fmp,4
3jre,2
3v4i,1
4cyc,4
5nw9,2
4cyc,3
3kmd,1
4aqx,4
4aqx,3
2zo0,1
2zo0,2
1zre,3
2xy7,3
2xy7,2
6fn0,2
3sjm,1
6b0p,1
3ohb,3
6fn0,3
1ph5,4
6fn0,1
1j5o,6
1j5o,5
1u0d,2
3ohb,2
1a1f,1
3ohb,1
3rh6,2
1hbx,2
3ngd,2
8icy,1
3imb,3
3sjm,2
1j5o,3
3sjm,3
1j5o,4
1u0d,3
6b0p,3
5edw,3
5edw,2
1ryr,3
3h4b,3
3h4b,2
2hmi,2
2hmi,5
3dlh,2
2nll,3
2nll,2
3rjj,4
2nll,1
2nll,4
4zhn,1
3e00,4
3e00,1
3e00,3
3g38,2
3g38,3
3g38,1
3rjj,3
4zhn,2
1ryr,1
1ryr,2
5edw,1
2wtf,3
2wtf,1
2hmi,1
3h4b,1
6fb8,1
2h1o,4
2h1o,1
2h1o,3
4i2b,2
5gwi,1
4i2b,1
1nk8,1
1nk8,2
3g97,2
5gwi,2
5gwi,3
2h1o,2
1m18,1
5txn,4
3mzh,3
3mzh,2
5j2n,2
4rtk,2
5av6,6
1jj6,1
2bop,1
3mkz,1
5j0w,1
5j0w,2
2o8e,1
1m18,2
1m18,3
4m3x,2
4m3x,3
4qze,3
5jh0,2
4ym6,2
4ym6,4
4qcb,2
1m18,5
1m18,4
1g9y,2
5ity,1
1oh6,2
1g9y,1
5j0w,3
2o8e,2
2o8e,3
2o8e,4
4qzb,1
3ode,3
3bu0,3
5txn,1
4xrs,5
3bu0,1
4xrs,3
4xrs,2
4xrs,6
2py5,1
6f59,1
4ym6,3
5jh0,1
4ym6,5
2py5,2
5d8k,1
4kle,1
4kle,2
5d8k,2
2c6y,3
1fjl,3
3glf,3
3glf,2
4yn4,3
4yn4,4
4yn4,1
4yn4,2
4ynq,2
4ynq,1
4ynq,3
2wbs,2
1hjc,3
4ztz,2
3rek,5
6fb7,1
3rek,2
6fb7,3
6fb7,2
3rek,1
3rek,3
3po5,1
4qzh,2
3rzl,1
4qzh,1
4uqg,3
4uqg,2
5xsk,2
3po5,3
6mht,2
5omq,3
6mht,1
5omq,2
5omq,1
6mht,3
4m8b,2
4e0y,2
6erf,5
1fjl,2
1fjl,1
6erf,2
3glf,4
3glf,5
3glf,1
4e0y,1
4e0y,3
4m8b,3
6erf,3
6erf,4
5bpd,2
1g38,3
5bpd,1
3rzl,2
3g97,3
3g97,1
4e3s,3
4e3s,1
4e3s,2
5dff,4
5dff,2
3v4i,3
2fmp,2
5mf0,2
9ich,1
9ich,3
9ich,2
5nw9,1
4cyc,1
2ayb,2
3va3,2
4a0b,2
2ayb,1
3va3,1
4a0b,3
4ecu,3
3dsc,1
4ecu,2
4ecu,1
4a0b,4
3dsc,2
4a0b,1
4aqx,5
4aqx,2
4cyc,2
4aqx,1
1zre,2
1ytb,1
1zre,1
2zo0,3
1ph5,2
8icy,3
3imb,2
3imb,1
2xy7,1
1ph5,1
1ph5,3
5t8d,3
1t05,1
3wpe,2
1t05,2
1t05,3
3wpe,1
4h5q,2
4qqz,2
3t79,3
3t79,2
5t8d,1
1t05,4
5e6b,3
3v6k,2
2uvu,3
2uvu,2
1suz,2
5e6b,2
3v6k,3
1zlk,3
4dle,2
6brx,3
4dle,3
4qcb,1
4h5q,1
3t79,1
3t79,5
1zqg,3
4fm9,3
2pfj,2
2pfj,3
1r71,1
1r71,2
1rc8,2
4xlq,6
4xlq,1
4xlq,4
5ulx,3
4xlq,7
5x6g,2
1l3u,2
1l3u,3
7icj,2
4wu8,3
5hrl,3
4wu8,4
5hrl,1
3spd,3
4fth,1
2pfj,1
4fm9,2
1n56,1
1n56,2
1n56,3
1r71,3
1s97,3
3azl,2
3azl,3
6en0,2
6en0,1
3azl,1
4m45,2
1skr,4
4m45,3
4xxe,3
4xxe,4
5f55,2
3zh2,1
3azl,4
3azl,5
1skr,1
1skr,2
4m45,1
1skr,3
2r5y,4
2r5y,1
2r5y,2
4eyi,2
1m0e,2
2ypb,3
1m0e,1
4xlq,3
5x6g,3
1s97,1
6en0,3
5wny,4
1mjm,2
4ym5,6
3wvk,1
3wvk,4
3wvk,3
4fjk,2
4fjk,1
4qz9,3
1xsn,2
1xsn,1
3odc,3
3odc,2
3odc,1
2f5s,1
2f5s,3
4klo,3
4klo,2
2dwn,2
5o6d,1
2f5s,2
3rrh,3
3rrh,2
4rno,1
4fk4,3
4fk4,2
4zpr,3
4zpr,1
4fk4,1
4zpr,2
4tuq,4
2r8j,3
5b0y,1
4p9u,3
4rno,3
6brr,3
6brr,2
6brr,1
3tfs,1
4i2o,2
3pt6,2
3pt6,3
5ewe,2
5ewe,1
4kpe,4
1rzr,5
1rzr,4
1rzr,1
6cr9,1
6cr9,3
5db6,1
3rrh,1
5db8,1
3n1l,1
3n1l,2
1kx5,2
1par,2
10mh,1
1kx5,4
3qmc,3
10mh,3
3qmc,1
4rd5,1
5db8,3
5db8,2
4rd5,2
4rd5,3
4iem,3
6an8,2
6an8,3
5ze2,8
1q9y,2
1q9y,1
5ze2,4
5ze2,2
5ze2,1
1y6f,1
6avm,3
6avm,4
3aze,2
6avm,1
3gq4,3
3vd2,2
2z9o,1
1pm5,2
3vd2,1
2z9o,3
1nh2,1
1nh2,2
1nh2,3
1nh2,5
3gq4,1
1tgh,2
4i2c,2
1pm5,1
1pm5,3
4i2c,1
2z9o,2
5ff8,1
5t2o,3
5zjq,4
5o7t,3
5o7t,1
2w7o,1
2w7o,2
6amo,4
5ei9,2
4o3m,1
4ed3,1
4ofe,3
4ofe,1
4xr3,1
4xr3,3
4xr3,2
3raq,2
2hof,1
2hof,2
3raq,1
1nh2,4
3gq4,2
1nh2,6
1tgh,1
5ds9,2
5ds9,1
1a1j,2
1a1j,1
2ibt,1
3gz6,1
1wb9,3
1wb9,1
4ed7,2
1l5u,2
4ed7,3
1akh,1
1akh,2
1akh,3
4fj9,3
7mht,2
4rq1,1
5d9i,3
5d9i,1
3ogd,2
3ogd,3
4fj9,1
2ibt,2
3gz6,3
2ibt,3
3gz6,2
1llm,2
1llm,1
5ds9,3
1pyi,1
3in5,1
3in5,2
3qnn,1
1fjx,2
4dsl,1
2ge5,2
2xqc,2
3bs1,1
1a1j,3
5d8f,1
5d8f,2
1l5u,1
1jgg,3
4ed7,1
1jgg,1
2w35,2
2z6a,1
1jb7,1
3ih7,1
4kgc,3
4kgc,5
4kgc,1
2pfq,2
5v0b,3
5v0b,1
2pfq,1
2pfq,3
2pfq,4
4a3i,4
4a3i,13
4a3i,6
4a3i,11
4a3i,5
4a3i,3
1u1l,2
4w9m,2
3e40,2
6bos,3
3lel,4
4gc6,2
4gc6,3
4hue,2
4hue,1
5e63,3
5e63,5
6bos,2
3lel,5
316d,1
316d,2
5ed4,1
5kl5,2
3lel,6
5e63,2
3lel,2
5e63,1
5e63,4
5ed4,3
3lel,3
4gc6,1
6bos,1
3lel,1
5ed4,2
2w35,3
3vam,1
1cdw,3
1cdw,2
2z6a,3
1jb7,3
3ih7,3
4kgc,4
4kgc,6
5v0b,2
1u1l,1
4a3i,1
5kl5,3
4w9m,3
1cdw,1
3vam,2
2w35,1
4f3o,2
4f3o,3
3jrh,3
3d0p,2
3jrh,1
4kgc,2
4a3i,14
4a3i,12
4a3i,7
4a3i,10
4a3i,8
4a3i,9
4w9m,4
4w9m,1
4a3i,2
5jlt,1
5tw1,8
5tw1,9
5tw1,4
5tw1,1
3v9x,1
2gb7,2
2gb7,1
2gb7,3
4rq1,3
3h25,2
5hri,1
2z70,2
3wpc,2
6erf,1
3wpc,1
5hri,2
3pw2,2
3g6x,3
5jlt,3
5hri,3
3h25,1
4q0z,1
3qes,2
3qes,1
4lox,1
4lox,2
4yr0,3
4yr0,2
4yr0,1
5vxn,1
4abt,1
1pyi,2
5vxn,3
5vxn,2
4lox,5
4lox,4
4lox,3
1huo,2
1huo,3
2hzv,2
2hzv,1
5cp6,4
5cp6,2
3qlp,3
6ctt,2
4ys3,3
6ctt,3
4ys3,5
4ys3,1
4ys3,4
4ys3,2
4abt,2
2hzv,3
1huo,1
5cp6,6
5cp6,5
2hax,1
5btl,4
1hlz,2
5tct,2
5tct,3
1bg1,1
1bg1,2
6ccg,2
3ti0,2
1j75,2
4ux5,1
5tct,1
3u7h,2
3u7h,1
3hxq,2
1hlz,3
1pdn,2
5btl,1
1pdn,1
2xgp,2
2xgp,3
1j75,1
2xgp,1
4ux5,2
1t8e,3
4ux5,3
3jpq,2
9icv,1
3jpq,3
3jpq,1
1b97,2
3od8,1
4xqn,1
9icv,3
2ibs,2
9icv,2
1kdh,1
5uuf,3
5uuf,2
5xxp,2
1pdn,3
1t8e,1
1t8e,2
1t8e,4
6ccg,1
3ti0,3
3vah,1
2evj,3
1b97,1
3od8,2
4xqn,2
4xqn,3
3jpq,4
1kdh,2
4qr9,1
5btl,2
4qr9,2
5btl,3
1hlz,1
5v0q,1
5gsu,3
4nod,1
2kfn,2
1m1a,3
5fte,1
2noi,2
2noi,3
5jlx,3
4kll,2
4kll,4
3jr4,3
1bpx,1
1bpx,4
8icg,2
6fqp,2
6fqp,1
5bng,5
3u44,2
3jr4,2
8icg,3
1k3x,2
5bng,4
5cp6,1
5cp6,3
2hax,2
5yur,2
1t2k,4
1t2k,2
5yur,1
1t2k,1
3g6q,2
1rff,3
2j6t,2
3g6q,3
1rff,1
4ys3,6
1k3x,3
1k3x,1
5bng,1
2j6t,3
3g6q,1
3u6e,2
2j6t,1
3u6e,1
3bs1,3
3bs1,2
3u6e,3
1rff,2
4q0z,2
3qes,3
3ti0,1
5gsu,4
5gsu,2
5k5q,1
5xxp,3
5uuf,1
2ibs,1
2ibs,3
5xxp,1
4z47,2
5v0q,3
5gsu,1
5k5q,3
4z47,3
4nod,3
5gsu,5
4q0z,3
5v0q,2
4nod,2
5k5q,2
4z47,1
3vah,2
3hxq,1
4j3n,2
3ufj,2
4j3n,3
3tq1,1
3upq,4
3upq,2
3g3c,1
5d4d,4
2dem,1
2dem,3
2pud,1
4xuj,4
4bhm,1
3v7k,3
4bhm,2
3azi,3
3azi,1
3azi,5
3azi,4
1n3a,2
1n3a,1
3upq,1
5xzb,3
5xzb,2
5d4d,7
5d4d,6
5d4d,5
5d4d,3
5d4d,2
5jxy,3
3zkc,2
1n3a,3
3zkc,1
3g3c,2
3g3c,3
3upq,3
5xzb,1
5d4d,1
4elu,2
4da4,1
4elu,1
4mky,1
3pvi,2
4ub2,1
2v4q,1
2v4q,3
209d,2
5vs2,1
209d,1
5vs2,4
5vs2,2
4i3h,1
3azi,2
3zkc,3
5ddm,2
1ya6,3
2gm4,1
5v3j,2
5v3j,3
1de9,1
1de9,2
1de9,3
4bdz,3
4bdz,2
2dem,2
4xuj,5
4xuj,6
3v7k,1
4oi7,2
6es3,3
6es3,1
4gnx,2
5jub,3
4gnx,3
1mow,3
3sat,1
3sat,3
2h8r,1
2h8r,2
4cgz,1
3gv7,3
1nvp,2
1nvp,1
3uiq,3
3uiq,2
3hos,1
5yel,1
5yel,3
4ez9,1
6dww,2
6dww,4
5yv4,3
6cq2,2
1bss,1
1bss,2
5mhk,1
1yo5,2
5kg1,3
1yo5,3
5kg1,2
1yo5,1
3gv7,2
4l0z,4
1nvp,4
3hos,2
5yel,2
2og0,1
2og0,2
1nvp,3
1nvp,5
1nvp,6
6es3,2
4cgz,3
4oi7,1
2og0,3
1mnv,2
1ya6,2
2gm4,3
1rh6,1
2pi0,3
2pi0,2
2pi0,1
4gnx,1
1rh6,3
1rh6,2
4gnx,4
5jub,1
5jub,2
3zdb,2
5jub,4
4jrq,2
5mhk,4
5mhk,2
4jrq,1
5mhk,3
1mow,1
1mow,2
3sat,2
4elu,3
6fbe,3
3oqo,2
3vd1,2
1rv5,2
1rv5,1
1mnv,1
2gm4,2
3vd1,1
5ddm,3
5ddm,1
4da4,3
4da4,2
2pud,2
4xuj,3
4xuj,1
4xuj,2
3v7k,2
5v3j,1
1de9,4
6cq2,1
3zdb,1
3ht3,2
4mky,3
3ht3,3
2p2r,1
2p2r,2
3pvi,1
6fbe,1
3oqo,4
6fbe,2
3oqo,3
3oqo,1
5vza,2
5vza,1
3x1t,1
3x1t,3
3x1t,4
3x1t,2
4r89,3
5sww,2
3kwq,5
3kwq,4
5sww,1
5d4c,6
5d4c,3
2dgc,1
3a6n,1
5vvk,5
1ipp,1
4zsf,2
3a6n,4
4g7z,6
5vvk,1
4m9e,1
3ltn,2
2zo2,1
4yft,3
4yft,2
4yft,1
5tgx,1
5tgx,2
4i2a,1
2fdh,2
5b2i,2
5b2i,4
3kz8,2
4r89,2
4r89,4
4r89,1
3kwq,3
3kwq,1
5d4c,7
5vvk,6
5d4c,2
3kz8,1
5vvk,4
5vvk,2
1ipp,2
3pjr,3
5v1p,2
1tkd,4
1tkd,1
4m9e,2
1tkd,3
4m9e,3
3ltn,5
4fb3,3
2zo2,2
3tq1,2
3ufj,3
3x1t,5
3kwq,2
5d4c,4
5d4c,1
5d4c,5
2dgc,2
5vvk,3
4zsf,1
3a6n,2
3a6n,3
3a6n,5
3pjr,2
3pjr,1
5tgx,3
4yft,4
4i2a,2
2fdh,1
5b2i,3
5b2i,5
2o6g,2
3ufj,1
4zm2,1
4zm2,3
4a08,2
4a08,1
2v4q,2
5vs2,3
4i3h,2
3ht3,1
4mky,2
2o6g,3
5w1c,3
2o6g,1
4j3n,1
4ub2,4
4ub2,3
3oha,2
4l5r,1
4l5r,2
4gjp,1
4fj7,3
4fj7,1
4zm2,2
1sxp,2
4gjp,2
4gjp,3
1sxp,3
4fj7,2
4i3h,3
3fd2,2
3fd2,3
3fd2,1
4ibw,1
5w2a,2
5w2a,1
5oxv,3
5oxv,5
1kx4,4
5dbb,3
5dbb,4
1kx4,3
1kx4,5
5e24,2
5n8u,2
5n8u,1
4f5r,4
4xyq,2
1yqk,1
4f5r,2
1yqk,3
3kxb,5
3kxb,3
3n1j,1
4xyq,1
1yqk,2
4xyq,3
4f5r,3
3oye,1
1xhz,2
4ibw,2
1kx4,1
5oxv,2
3n1j,2
5e24,4
5e24,1
5e24,3
4f5r,1
4cgz,2
3gv7,1
4gop,4
4gop,3
4gop,1
4ofa,2
4ofa,1
3oye,2
5kg1,1
4rtp,1
4rtp,2
1xhz,1
1n3e,1
1n3e,2
1n3e,3
5oxv,1
5oxv,4
5oxv,6
2h8r,3
4rtp,3
4oi7,3
4gop,2
4yr3,2
5lcl,1
5lcl,2
5lcl,4
1kfv,3
1kfv,2
4qen,2
4dfm,2
6bkg,4
3r8f,1
1rrj,3
1vol,4
6bkg,1
4dfm,1
4dfm,3
1kfv,1
4qen,1
1kix,2
1dc1,1
5lcl,3
3qfq,2
3qfq,3
3qfq,1
3g6v,3
3r8f,2
6bkg,3
6bkg,2
3g6v,1
3i8d,2
1rrj,1
4qen,3
1rrj,2
3qet,2
4ihw,2
4ihw,1
4ihw,3
3jrf,3
3ltn,3
3ltn,6
4fb3,2
4fb3,1
3ltn,1
4g7z,2
4g7z,4
4g7z,7
4g7z,1
4ub2,2
4g7z,5
4lb5,1
5b2i,1
5cl8,1
4g7z,3
4bdz,1
5v1p,1
4lb5,2
5cl8,3
5cl8,2
3tq1,3
5v1p,3
5v1p,4
1tkd,2
3jrf,2
3jrf,1
3ltn,4
5w1c,1
5w1c,2
3kxb,2
5e24,5
3mq6,2
3mq6,1
4yr3,3
4yr3,1
4ofa,3
3kxb,1
3kxb,4
2puc,2
8ics,3
1skn,2
4f50,3
9icq,3
9icq,2
3mu6,1
3mu6,2
5dnn,5
5dnn,4
1apl,3
4hf1,1
5uk7,2
3mgp,5
1apl,1
5uk7,3
5uk7,1
3mgp,6
4hsb,1
4hsb,3
3mgp,3
4hsb,2
5cqq,3
4ff4,2
3mgp,2
4fjh,2
5cqq,2
5l6l,1
3irr,1
4f50,2
4f50,1
4hf1,2
1vto,2
1vto,3
1vto,1
3mgh,2
3mgh,3
3mgh,1
3mgh,4
3mgp,4
4g4q,1
4fjh,1
8ics,1
5l6l,2
3irr,3
1pfe,2
4lz4,3
3g6t,3
3g6t,2
5wn0,4
5wn0,3
3mu6,3
5dnn,2
5dnn,6
4nnu,1
4hf1,3
7icr,1
2kzz,2
2kzz,1
3t5l,3
5odl,1
2zkf,2
3wtw,2
3wtw,1
2jg3,3
5j0o,4
5j0o,2
1efa,1
5j0o,3
1bdx,1
2kfn,1
5fte,2
5jlx,2
8icg,1
3spl,1
4jwm,3
4jwm,4
4jwm,1
4jwm,2
3fsi,3
3qer,2
5wn2,1
2vs7,1
2vs7,2
6cr6,3
6cr6,4
3mht,3
3mht,2
1tro,2
4dtu,1
1tro,1
6cr7,3
6cr7,1
6cr7,4
1unj,2
2uvv,2
4gfb,2
4gfb,1
3wtw,3
3wtw,4
2jg3,2
4osi,2
4dtu,2
6cr7,2
3u6f,2
3u3w,1
1lq1,2
1lq1,3
3rmc,3
6bot,2
3k57,2
4xeg,1
4xeg,2
4xeg,3
1s6m,2
4cn2,1
1s6m,1
2fkh,1
3gpp,1
2fkh,2
2jeg,1
2jeg,3
2jeg,2
1sa3,1
4hcc,2
1tw8,2
4hcc,1
1tw8,1
3oor,2
4m9l,3
4m9l,4
2nq9,3
4m9l,2
5uhb,5
5uhb,1
4m9n,2
5uhb,3
2nq9,2
2nq9,4
4m9l,1
3ldy,3
3ldy,1
3oor,3
3oor,1
5uhb,7
5uhg,2
3sup,1
3do7,1
3do7,3
3do7,2
5btf,3
5btf,4
5btf,1
3qym,1
2ozs,1
2ozs,2
4z6f,3
4z6f,2
4z5c,3
4z5c,2
4z5c,1
5uhg,6
2pyl,3
3bi3,3
3bi3,1
4z6f,4
4z6f,1
5uhg,7
5uhg,4
3sup,2
3sup,3
4m9n,4
4m9n,3
4m9n,1
4fm0,3
3bi3,2
5uhg,5
5uhg,1
5uhg,3
2pyl,2
2pyl,1
2nq9,1
5uhb,6
5uhb,4
5uhb,2
5btf,2
4nxz,3
4nxz,2
3qym,2
3qqy,2
2h7h,1
3qqy,1
2h7h,2
2h7h,3
5ak9,3
5ak9,1
4flw,3
4flw,2
3rr7,1
4flw,1
3vw3,3
4s0h,3
4s0h,1
4s0h,2
3cmt,3
6dnw,3
6dnw,1
5kt4,2
2xy6,2
1iu3,3
1iu3,2
4j9p,3
2ozs,3
3rr7,3
4m3w,2
4m3w,3
3ei2,3
3ei2,4
3vw3,1
3ei2,2
4z6d,3
3jpt,2
4z6d,4
3jpt,3
5kfi,2
3cmt,2
3zdc,2
3cmt,1
4nxz,4
4nxz,1
3qqy,3
5ak9,4
4f6n,3
4f6n,2
3rr7,2
5ak9,2
4f6n,1
1zg1,3
1zg1,1
3ei2,1
3jpt,4
5kfi,3
3jpt,1
5kfi,1
4s0h,4
5kt4,1
5kt4,3
2xy6,3
1iu3,1
2xy6,1
4hiv,1
4hiv,2
4j9p,2
4m3w,1
3vw3,4
1zg1,2
3vw3,2
4z6d,2
4z6d,1
3zdc,1
6dnw,2
4j9p,1
4fm0,1
4fm0,2
1m1a,4
1m1a,1
3u44,3
1m1a,5
2noi,1
1m1a,2
4kll,3
4i6z,2
3u44,1
4i6z,1
5jlx,1
1bpx,2
1pji,3
4g7h,6
1qsy,3
9icn,3
4g7h,7
4g7h,4
1pji,1
3rmc,2
6bot,1
6cr6,2
6cr6,1
5ink,2
3m8r,1
3t5l,2
5k58,3
5k58,1
1hi0,2
3qer,3
3qer,1
4iqj,2
4iqj,5
5k17,1
4iqj,1
1zjm,4
1zjm,2
4iqj,4
2f55,1
2f55,3
3rzk,2
3t5l,1
1rys,2
2cgp,3
1rys,1
2cgp,2
2dwm,1
4cn2,3
2dwm,2
1rys,3
6bot,3
5wn0,1
5wn0,2
5dnn,3
5dnn,1
4nnu,3
4nnu,2
1apl,2
3rmc,1
3k57,3
4cn2,2
2cgp,1
5j0o,1
1lq1,1
1efa,2
2uvv,3
2uvv,1
3brg,1
3brg,3
4a0l,1
2xzf,2
3e3y,2
3e3y,1
4ot3,2
4ot3,3
5x11,3
4ot3,1
5x11,2
5x11,1
3v4r,1
3v4r,2
5exh,1
5exh,2
7icr,3
1bnk,3
1bnk,1
5kkq,3
4gz1,1
2dpi,1
3nh1,2
2nra,2
2nra,1
3q3d,1
1dew,2
2d55,2
5kkq,2
2d55,1
5kkq,1
1vrr,2
3sbj,3
2dpi,2
3jrd,3
1vrr,1
3jrd,2
3wpd,2
4i2h,2
4gz1,2
2xzf,1
5uzv,2
5uzv,1
1jkq,1
5uzv,3
3rzk,1
2xzf,3
1qsy,2
4g7h,1
4g7h,3
1n6q,3
4g7h,2
3m8r,3
3m8r,2
3k57,1
3rzk,3
1dew,3
4bac,2
1bnk,2
3sbj,1
3sbj,2
2dpi,3
3nh1,1
3cvv,2
3cvv,3
3cvv,1
4i2h,1
1ma7,2
1ma7,1
3rh4,4
3q5s,1
1ma7,3
3wph,2
4guq,2
3rh4,2
3q5s,2
5wm8,2
5wm8,3
4zpk,1
5gpc,2
5gpc,3
6h8q,2
5vs1,4
5vs1,3
6h8q,1
5vs1,1
5wny,1
5wny,3
2bcu,1
4ym5,5
2bcu,4
5wm8,1
4qz9,2
3uk3,3
1yf3,2
4xzq,5
4xzq,3
4xzq,6
3ssc,2
5wny,2
1mjm,1
3mda,1
2bcu,3
2bcu,2
1yf3,3
1gt0,4
1gt0,3
4xzq,2
3ssc,1
3ssc,3
2c2r,1
4ym5,2
4ym5,4
3uk3,2
4ym5,1
4ym5,3
5gpc,1
3mda,4
3mda,3
3mda,2
4qz9,1
4fjk,3
3uk3,1
1zqf,1
5t2o,2
5t2o,1
5zjq,3
5o7t,2
3w99,5
3w99,2
4gfh,2
4gfh,5
3w99,4
3w99,3
4gfh,4
5j2e,2
5j2e,4
5j2e,3
5j2e,1
5ff8,2
5ff8,3
3n6s,2
3n6s,3
3n6s,1
5j0s,1
6ctm,1
6ctm,4
3nm9,2
5oqn,3
2bdp,2
3b6g,6
5wn4,4
5wn4,2
5avb,6
5avb,3
4ub5,4
5avb,4
4ub5,1
5avb,1
4o3m,3
3b6g,5
3b6g,2
5j2b,4
4gfh,1
5avb,5
1orn,2
4ub5,3
5nm9,2
5nm9,1
1l2c,1
1l2c,2
4o3m,2
4ed3,3
4ed3,2
5ei9,3
4dob,4
3b6g,4
4dob,1
3b6g,1
5wn4,3
3b6g,3
5j2b,1
5wn4,1
5j2b,3
5j2b,2
1orn,3
1orn,1
4ub5,2
2axy,1
4rtq,1
4rtq,2
3glg,5
3glg,4
3glg,1
3glg,3
3glg,2
5zjq,1
5zjq,2
4plb,1
4qwa,2
4qwa,3
4rtq,3
2bdp,1
3nm9,1
5oqn,1
1bdi,2
5oqn,2
1bdi,1
2bdp,3
1zqc,2
1zqc,1
1zqc,3
2bgw,3
4iem,2
4iem,1
2bgw,1
2bgw,2
3bkz,1
6an8,1
3rb3,2
1h8a,3
1h8a,1
1h8a,2
3m9o,3
5odg,1
3qws,1
3rb3,1
1xsd,2
3g8x,3
3g8x,2
1xsd,1
3g8x,1
3m9o,1
3aze,4
6avm,2
3qws,2
3rb3,3
1brn,2
4rve,2
2c7r,2
5kff,2
4rve,1
4kpe,2
3m4a,3
4kpe,5
1rzr,3
1muh,2
1muh,1
1muh,3
1mnn,3
2r8j,1
3tfs,2
3rjh,1
4i2o,3
4wx9,3
4wx9,1
2ihm,4
3rjh,4
3rjh,3
3m4a,2
4i2o,1
4kpe,6
4kpe,1
4kpe,3
3m4a,1
5ewe,3
1rzr,2
2dpj,3
4p9u,1
1u48,2
3clc,2
3clc,3
2ihm,3
2ihm,1
3clc,1
3tfs,3
3tfs,4
3rjh,2
4wx9,2
1u48,3
2dpj,2
1mht,2
1mht,3
3wvi,2
1mht,1
2ihm,2
4ecr,2
4ecr,3
5cm3,2
5nj8,1
4iem,4
4fth,2
4fth,3
5cm3,1
5nj8,3
5nj8,4
5nj8,2
1xc8,1
1xc8,3
1xc8,2
5odg,2
2xcr,1
5kfa,3
4flt,3
4flt,1
2c7r,3
2c7r,1
4xzq,4
1gt0,1
4xzq,1
4ecr,1
5gse,4
1zs4,3
4flt,2
1ijs,3
3uvf,1
2iie,4
3uvf,2
1zqf,3
1zqf,2
4qwa,1
5t2w,3
6pax,2
5hnk,1
3ubt,2
5iil,2
1emh,2
4klf,1
4klf,4
5j0s,4
5avb,2
2axy,2
1l2c,3
5ei9,1
5j0s,3
4gfh,3
3w99,1
4dob,3
4dob,2
1qp4,1
5gkf,2
5gkf,1
6amo,1
1qp4,2
4ofe,2
2hof,3
3raq,3
2adw,2
5zup,2
3g4t,3
3pt6,1
1mnn,2
1mnn,1
2r8j,2
4osv,2
4osv,3
4osv,1
6cr9,2
2adw,1
5zup,1
5zup,3
3mx4,2
3mx4,1
1zx4,1
2evj,1
2evj,2
1zx4,3
3od8,3
1zx4,2
3g4t,2
3g4t,1
1qn3,3
1qn3,2
6cro,1
6cro,3
4fjl,2
4fjl,1
4fjl,3
4z3a,2
4z3a,1
5edn,3
6asw,3
1r4o,1
3s9h,2
4xr2,3
6asw,4
1qn6,2
1qn6,1
2z6q,4
2z6q,3
1jt0,2
4xr2,1
2z6q,2
1jt0,1
2z6q,1
4xr2,2
5edn,1
5edn,2
5t2w,2
5db7,4
5j0s,2
5cl3,3
5cl3,1
5iil,4
5iil,3
3vwb,2
3vwb,1
5iil,1
3vwb,3
6ctm,3
6ctm,2
5cl3,2
4e10,3
6pax,3
3ubt,1
2w7o,3
6pax,1
5hnk,2
1h88,4
1emh,3
1h88,1
1h88,3
4klf,3
4klf,2
1brn,1
1kb2,3
1kb2,2
1kb2,1
4plb,2
1par,3
10mh,2
1kx5,5
1kx5,1
1par,1
1kx5,3
3qmc,2
3g6u,2
3g6u,3
1rz9,2
1u48,1
3wvi,1
2dpj,1
4c8n,3
4c8n,1
3py8,1
3py8,3
5db8,4
4c8n,2
1kx5,6
1rz9,1
3py8,2
3g6u,1
5db6,4
5db6,3
1rz9,3
5db6,2
3mx4,3
3lzj,1
4n0o,2
4a8w,2
3u6p,3
2ssp,1
3u6p,2
2ssp,3
2oyt,3
3u4q,1
5cy2,1
6ctj,3
6dwy,3
4lll,2
6dwy,4
5cy2,2
5cy2,3
4f5o,2
4f5o,3
3ksa,5
173d,2
5mct,1
4n0o,1
6dwy,2
2as5,1
2as5,2
2wq7,1
4rb2,3
1qss,3
4ez6,2
4z5d,1
3e0d,2
4koe,1
4tu8,1
4dav,2
4dav,1
4xus,2
4xus,3
4xus,4
5yzz,1
4xus,1
4ez6,3
3v20,2
2vy1,2
5y0c,1
5y0c,3
6e33,3
6e33,2
4koe,2
3w97,3
2vy1,1
4koe,5
6cim,6
4koe,6
4koe,4
4koe,3
6cim,7
6cim,3
6cim,5
6cim,1
3azf,2
3w97,5
3e0d,1
3w97,4
6e33,1
5mez,2
1stx,3
5mez,1
1stx,2
1stx,1
3v20,1
3vaf,2
5flv,1
4s05,1
4pw6,3
3mlo,1
4pw6,2
1le5,2
3mlo,2
4pw6,1
2w8l,2
1c0w,1
5flv,3
5flv,2
5txz,4
3zql,2
3zql,3
3gut,2
3gut,3
4y0f,2
5k5j,1
3gut,1
4y0f,1
5ith,2
3azf,3
2is2,2
1xyi,1
4h10,4
4h10,3
4h10,2
5ew1,4
1xyi,2
1x9s,3
1x9s,2
1x9s,1
5ew1,1
1x9s,4
4h10,1
5ew1,3
3gut,4
3azf,1
3azf,4
4z5d,2
2b0e,2
2b0e,1
5ew1,2
5k5j,2
5k5j,3
3e0d,3
5ith,1
2is2,1
3zql,1
3azf,5
2c2e,1
5kfm,1
5vzi,3
5vzi,2
1lws,2
5vzi,1
1lws,1
4be1,3
4be1,2
1qss,2
2oyt,2
2oyt,1
5hlg,1
5hlg,2
4r2e,3
1pue,2
1pue,3
3wpg,2
3u4q,3
2bpf,2
2bpf,3
2c2e,3
2c2e,2
2pue,1
2pue,2
1k6o,1
3ecp,3
3ecp,2
5w34,3
3c3l,1
3qmi,2
3orc,2
3o1o,1
3o1o,2
4roe,4
4roe,1
4roe,2
3u5z,4
3u5z,3
3u5z,2
6dsx,1
4nln,4
4nln,1
4elv,2
1u1o,1
5yeg,1
1p3o,1
4elv,1
1kfs,1
3dnv,1
5y0d,2
1t3n,3
3u5z,1
3u5z,5
3o1o,3
3orc,1
1a6y,2
1a6y,3
1a6y,1
3qmi,1
4rb1,1
4kny,1
4roe,3
4kny,2
1u1p,2
4rb1,2
5txz,2
2er8,2
2er8,1
4wb2,2
4ncb,1
4ea4,2
4ncb,2
4ea4,3
2w7p,2
6bcf,1
2ayg,1
2ayg,2
2pug,1
2pug,2
3pnc,2
3pnc,3
3pnc,4
3pnc,1
4osm,1
4j8u,6
5dwb,2
4j8u,3
4omy,2
3f2d,3
3f2d,2
6cr5,1
4j8u,4
4j8u,2
4omy,3
1wd0,2
1c0w,2
5dlf,2
5dlf,3
8icx,3
8icx,1
5dlf,1
5zdz,2
6emz,3
5j0y,1
3mvd,6
3mvd,5
3mvd,1
3mvd,7
3mvd,2
5ds5,4
3oyk,3
1s0m,3
3oyk,1
3oyk,2
3f27,2
3f27,3
3mvd,4
3mvd,3
5ds5,1
5ds5,3
5ds5,2
2hr1,1
4khq,2
5j0y,3
5j0y,2
3jxz,2
1nwq,1
1nwq,2
3jxz,1
3x1v,5
1dp7,2
1dp7,1
5j0y,4
9icc,3
4khq,3
4mff,4
9ico,3
9ico,1
4mff,3
9ico,2
4mff,1
3qi5,1
4dl5,3
4dl5,1
5x6m,1
4yrv,2
2pyo,3
5x6m,2
2pyo,5
3qi5,3
2pyo,4
2pyo,1
2pyo,2
1zrc,3
1odh,2
1odh,1
4du1,3
5yyd,2
4du1,2
8icr,3
8icr,2
2ccz,2
4hdv,2
4ass,2
4ass,3
1imh,1
4nig,1
4nig,2
4ass,1
8icr,1
5yyd,1
4du1,1
2ccz,1
3u58,1
3u58,2
4hdv,1
1sl0,2
1tl8,1
1tl8,2
3oyf,3
3oyf,2
2p0j,3
3oyf,1
1tl8,3
5co0,2
1sl0,1
5co0,1
1sl0,4
4uuv,4
4uuv,3
4uuv,1
1tl8,4
4o3r,3
3r7p,4
3thz,3
3thz,4
4dtr,3
4tnt,3
4dtr,1
3r7p,5
4q4z,1
4tnt,2
4f4w,3
3d4v,3
4yqw,3
3thz,1
4esj,2
4f4w,2
4esj,1
1oh6,3
1g9y,3
5j0w,4
1oh6,1
5j2n,1
2ihn,2
1pvr,3
3au6,1
6brx,1
1zlk,1
1zlk,2
5ay8,3
1pvr,2
3au6,2
6brx,2
1pvr,1
5bpd,3
4qzh,3
4qze,1
4rtk,3
2bop,2
3ode,2
5txn,2
3ode,1
3bu0,2
5jh0,3
3mvb,2
3mvb,3
6f5b,2
4qze,2
3mvb,1
6f5b,1
6fj5,2
5ay8,1
5ay8,2
3au6,3
4dle,1
2ihn,1
3eeo,2
2ihn,3
3eeo,3
4h0e,3
5fhe,2
5hdn,2
2pfn,4
1io4,2
4h0e,1
4h0e,2
4rq7,4
3w96,5
3w96,1
3w96,3
5ds4,4
3w96,4
5ds4,1
5ds4,2
6ct9,3
6ct9,1
2x6v,3
1g3x,2
4uus,4
4uus,2
4s04,3
4pog,1
4qzb,3
4qzb,2
1skm,2
4nm6,2
1qn6,3
1r4o,2
3s9h,3
1kln,2
3spd,2
1vs2,1
4z5h,2
6bow,2
6cr8,2
6cr8,4
3hqg,3
1w7a,3
6b0q,2
6b0q,3
6asw,2
6asw,1
5box,1
1cez,2
5box,3
5box,2
6b0q,1
5n9a,1
4g0w,3
2wiw,2
4zpk,4
2fjx,1
2fjx,2
4zpk,3
4zpk,2
2c2r,3
5o6d,2
1xsn,3
1xsn,4
2fjx,3
2c2r,2
6h8q,4
5vs1,2
6h8q,3
1yf3,1
1gt0,2
2dwn,1
4klo,1
4klo,4
5kff,1
4j2d,3
4eyi,3
2ypb,1
2c7q,2
2iie,2
2iie,3
2iie,1
5f55,1
2c7q,3
2wtf,2
2hmi,6
2hmi,3
2hmi,4
3dlh,1
3rjj,2
3rjj,1
1a1h,1
1a1h,2
2irf,3
1hbx,4
3ngd,1
1a1h,3
1hbx,3
1hbx,1
6b0p,2
1u0d,1
1a1f,3
1a1f,2
1ytb,2
8icy,2
3rh6,4
3rh6,1
3rh6,3
2ypa,1
1dct,3
4r28,3
5n9a,2
1bp7,2
4lq0,3
4r28,2
3bkz,2
3bkz,3
6an8,4
1q9y,3
5ze2,6
5ze2,3
4pcb,2
4pcb,1
3aze,5
3aze,3
1y6f,3
3aze,1
1h8a,4
3m9o,2
5w43,2
5w43,1
5jre,1
5jre,2
4dl4,3
4dl4,1
5nl0,5
5nl0,2
5nl0,1
3ojs,1
1cbv,1
4o5k,3
4df4,2
4df4,1
4ejz,2
1pvq,1
5vmz,3
5vmz,2
5vmz,1
1h6f,2
3nbn,3
5w6k,1
5b31,5
5b31,2
4e9f,3
3nbn,2
4e9f,1
2w9b,3
5gkp,2
5gkp,1
1owr,2
5tyf,2
5tyf,3
1owr,3
3rh5,4
3rh5,3
3rr8,1
3tmm,3
5tyf,1
3tmm,2
4f5q,1
5h8w,1
3nbn,4
5b31,3
5b31,1
5b31,4
4e9f,2
3e45,2
3e45,1
2w9b,4
2w9b,1
3e6c,2
3e6c,3
4mgu,2
4mgu,1
3e6c,1
4opj,2
4opj,1
4dl4,2
4ecy,3
4ecy,2
3ojs,2
3rr8,3
3rr8,2
3rh5,2
3tmm,1
4x4h,3
4x4h,2
3g2d,1
3jx7,2
3jx7,1
4qw8,2
3pvp,1
4qw8,1
1qne,1
5tyb,3
5tyf,4
5tyb,1
5tyb,2
3rh5,1
4f5q,3
4f5q,4
4f5q,2
1fiu,3
5f9n,2
5f9n,3
3pvv,3
3pvv,2
5dgb,2
5b1l,1
5b1l,4
4fm1,2
4o6a,2
1wto,2
3rje,2
3iag,1
1lbg,1
3rje,4
3rje,3
4ew4,3
5b1l,3
5b1l,2
4fm1,3
1zql,2
1zql,3
4fm1,1
1zql,1
3hp6,2
3tfr,4
3tfr,3
1pvp,2
3tfr,2
2acj,3
3tfr,1
1pvp,3
5dgb,1
5b1l,5
1mey,3
1d1u,3
1d1u,2
5f9n,1
4i8t,2
4i8t,3
3pvv,1
3iag,2
3rje,1
1d1u,1
4i8t,1
5dgb,3
7icn,1
7icn,3
7icn,2
1wto,1
3iag,3
4ew4,2
1lbg,2
4ew4,1
2xkk,3
6amk,2
4m3z,2
2xkk,1
5ua1,2
4m3z,1
5ua1,3
1nk0,2
1nk0,1
5ua1,1
4df4,3
4ejz,3
5yiv,2
5btd,2
2zhg,2
5nl0,7
5nl0,3
5nl0,6
3ojs,3
4ecy,1
5nl0,4
5a78,1
1cbv,3
5a78,2
1pvq,2
3qe9,3
3qe9,1
1pvq,3
5yiv,3
5gwj,2
6b0o,1
5btd,3
5btd,4
2zhg,1
3g2d,2
5gwj,3
5yiv,1
5gwj,1
6b0o,2
6b0o,3
5btd,1
4xpc,3
5dui,3
5cg9,3
5cg9,1
1pp8,3
5u8h,2
5cj7,2
1w36,2
1mdy,3
5u8h,4
1mdy,1
1w36,1
5u8h,1
1cbv,2
4o5k,1
4o5k,2
4o5k,4
3qe9,2
4ejz,1
4y5w,2
5kfs,1
3g2d,3
4y5w,1
3jx7,3
5kfk,2
3pvp,2
1m3q,1
3pvp,3
1qne,3
5kfk,1
4bhk,1
1p71,2
4j9l,3
4be2,2
4be2,1
5vs4,3
4z7z,2
4r4e,1
4r4e,3
4r4e,2
5trd,2
4zm0,1
5vs4,2
1o3q,1
4m0a,1
4m0a,3
3fmt,3
5l2x,3
5l2x,2
1o3q,3
4be2,3
4j9l,1
5vs4,1
5vs4,4
4z7z,3
4z7z,1
9icu,1
2wiz,2
9icu,3
2wiz,3
4j9l,2
4zm0,3
5l2x,1
3isb,3
3isb,1
3isb,4
3isb,2
9icu,2
2hhx,1
2hhx,3
2hhx,2
4ric,3
4ric,1
4ric,4
2bnz,1
3dfv,3
3l4k,2
3l4k,5
3bam,1
3bam,2
3bam,3
1p4e,2
4uno,3
4uno,2
3kqk,2
2xc9,1
3jps,3
5lrs,2
5lrs,1
5lrs,3
1p4e,1
1p4e,3
6dx0,2
1u78,2
6dx0,4
1hw2,2
1oe4,2
2wb2,2
1rfi,1
2xc9,3
6crb,3
3kk3,4
1m07,2
3kk3,3
4a09,3
4a09,4
3kk3,2
4nca,1
4nca,2
4qgu,2
4m3r,3
2fkc,1
2fkc,2
5va7,3
5va7,2
4m3r,2
5va7,1
4yit,1
4yit,2
4j2b,2
4j2b,3
4o6a,1
4o6a,3
1nfk,1
2ief,1
2ief,3
2ief,4
1pvp,1
3qmg,2
3qmg,3
3qmg,1
6gdr,4
6gdr,3
3pw4,1
4fs1,1
5sy7,2
3zdd,1
2f5q,3
4u7d,2
3zdd,2
1zqe,3
1zqe,2
1mey,2
1zqe,1
2acj,1
2acj,2
3hp6,3
3hp6,1
1mey,1
1lau,1
4fly,1
2ntc,1
2ntc,2
3cfr,1
5sy7,1
4x4h,1
3qyn,2
2xkk,2
1nk0,3
1w36,3
5cj7,1
5cj7,3
5kfs,2
6amk,3
3qyn,1
4m3z,3
6amk,1
5kfk,3
1m3q,2
4qw8,3
1qne,2
1m3q,3
1fiu,1
1fiu,2
4y5w,3
5kfs,3
5u8h,3
1mdy,2
4m3r,1
2xc9,2
5h8w,2
3nbn,5
1h6f,1
5w6k,2
5w6k,3
5b31,6
3nbn,1
5tyb,4
1owr,1
3il2,1
5nw5,3
4m3y,2
5zko,3
3iv5,2
2vic,1
2crx,2
2f5q,1
3cfr,3
3pw4,3
3pw4,2
6gdr,2
5sy7,3
5sy7,4
4fs1,2
4k99,3
4k99,2
4k99,1
1lau,2
6gdr,1
2vic,2
2crx,1
2f5q,2
2ntc,3
4fly,2
4fly,3
3cfr,2
2ief,2
4u7d,1
1nfk,2
4osh,3
4osh,1
4osh,2
4iuf,2
4iuf,1
5mpf,2
4xrh,2
4xrh,1
1tau,2
5u2r,3
5vi8,2
5vi8,1
5vi8,5
3ey1,2
1de8,1
1de8,2
1svc,2
1lwy,1
1lwy,3
6fqm,4
5u2r,1
5u2r,2
5u2r,4
6fqm,1
1u4b,2
1u4b,1
3rmd,3
5hp1,1
1ua1,1
3q8m,2
3q8m,3
4wls,2
3gij,2
3gij,1
2c7a,3
2c7a,1
3q5r,2
3q5r,1
4o5e,3
1h89,1
4o5e,1
4wu4,3
4wu4,1
4xrh,3
2uz4,1
3ey1,1
1de8,3
2c7a,2
4ymm,3
4ymm,4
4ymm,2
4o5e,2
1h89,4
1h89,3
4wu4,2
1h89,2
2uz4,2
2uz4,3
3ne6,1
3k0s,3
3k0s,1
3k0s,2
5y3j,2
2bq3,3
1zqk,1
4unc,3
5u8i,1
5u8i,3
5u8i,4
3q2y,1
3nh0,1
3nh0,2
3rad,4
3rad,1
2atl,1
5ke9,1
5u8i,2
2atl,2
2atl,3
5ke9,2
5ke9,3
1ysa,3
4ncb,4
1gdt,2
3f27,1
1s0m,1
5twq,4
9icj,2
9icj,1
4ceh,3
5kfx,2
2qnf,3
5kfx,1
3rkq,3
3rkq,2
2qnf,4
3rkq,1
2qnf,5
3vke,2
1gdt,4
4rnn,2
4rnn,1
3lja,3
3nhg,2
3nhg,3
3nhg,1
3lja,2
3lja,4
3lja,1
3u6y,1
6grc,3
5dwa,2
1ztt,2
1ztt,1
4j8w,3
4j8w,5
3lja,6
4j8w,4
4j8w,1
4j8w,2
7icm,1
6emy,3
6emy,2
1gdt,3
1gdt,1
3lja,5
7icm,3
5h3r,2
5h3r,1
7icm,2
5h3r,3
6emy,1
5kfe,3
5kfe,1
4j8w,6
4rnn,3
3f2d,1
1ztt,3
3u6y,3
6grc,1
5a77,2
5dwa,1
6fbf,3
6fbf,1
5kfe,2
1owg,3
1owg,5
1k61,1
1k61,3
5mht,3
5mht,1
5mht,2
1gm5,1
4gzn,1
3f2c,2
4gzn,2
1mjq,1
3f2c,1
1u3e,3
5npk,2
5npk,1
3f2c,3
3sjj,3
4a8f,2
1lat,2
1lat,1
4a8f,1
3sjj,1
3sjj,2
5akn,1
3g0q,3
3g0q,2
3g0q,1
5vzf,1
1hjb,3
1a36,1
1a36,2
1gxp,3
1gxp,1
6blw,2
6cr3,2
6cr3,4
4jv0,1
2nob,3
1k4s,3
4rq6,4
4rq6,2
1k4s,2
4rq6,3
1k4s,4
3o1s,3
3o1s,2
3o1s,1
2nob,2
5hr4,1
5ino,1
5nwa,1
5ino,2
3v6t,2
3v6t,1
5gnq,1
3v6t,3
4jv0,3
4lln,1
4rq6,1
1k4s,1
3odh,1
3odh,2
2nob,1
5hr4,3
5hr4,2
1ic8,2
2noe,1
5gnq,3
5gnq,2
3l2c,1
4jv0,2
2noe,2
2noe,3
4lln,2
5a39,4
1i7d,1
4hqx,1
5a39,2
5a39,3
1i7d,2
5a39,1
5av5,5
5av5,6
5av5,4
5d4e,2
5d4e,3
4hqx,2
5d4e,5
5btn,1
3spy,2
2wt7,1
4rq8,1
3tu4,5
5xp8,1
3tu4,2
5xp8,3
5w2m,1
3tu4,6
3azh,2
2ht0,1
2e42,2
1qqa,2
5hlt,2
3zpl,2
2v1u,1
6cce,5
3g3y,1
6cce,4
3g3y,2
4fji,2
4fji,1
1u47,2
3gim,3
3ez5,1
5gt3,1
3cmy,2
1tva,2
1tva,1
6cce,6
6cce,8
6cce,7
3zpl,1
4osm,2
5kea,1
3zvm,1
1aoi,5
1aoi,1
1aoi,4
5bnh,1
5bnh,2
1qqa,1
1rva,2
1rva,1
5hlt,1
2h1k,2
5oqp,2
5oqp,1
2c7o,2
5kea,2
4j8u,1
4omy,1
6cr5,3
6cr5,2
6cr5,4
5hlt,3
2h1k,3
5oqp,3
2h1k,1
4u6p,2
4u6p,3
2oh2,1
4atk,1
2wwy,2
3vdy,1
1sl1,1
4j8v,5
4j8v,4
4j8v,1
4j8v,2
6f1k,2
6f1k,1
2nl8,2
2z6u,2
2nl8,1
2z6u,1
2w7p,1
6bcf,3
4atk,2
2wwy,3
3vdy,2
2wwy,1
1sl1,2
4j8v,6
4j8v,3
3x1v,4
3x1v,1
3x1v,3
3x1v,2
1c0w,3
2oh2,3
2xm3,1
6bcf,2
6c2s,3
6c2s,2
6c2s,1
4unc,4
4unc,2
4unc,5
4unc,1
3jxz,3
2w8l,3
3jrg,3
2oh2,2
4u6p,1
2xm3,2
2xm3,3
2w8l,1
1nwq,3
8icx,2
5zdz,9
5zdz,7
3jrg,1
4tu9,1
3jrg,2
4tu9,2
5zdz,6
5zdz,3
6emz,2
5zdz,1
6emz,1
1a35,2
3wkj,4
3wtv,5
3wkj,1
1h0m,2
1h0m,1
5dqu,4
1m3h,2
1m3h,3
5dqu,1
1m3h,4
4hn5,2
3ra4,2
5j2j,4
5j2j,2
5j2j,1
3ra4,1
6cce,2
2ddg,2
4y00,2
4d6o,5
6cce,3
4d6o,1
6bz1,1
6bz1,3
3gim,2
5gt3,3
5gt3,5
5gt3,4
3cmy,3
1tva,4
5gt3,2
3cmy,1
1tva,3
5j2a,1
2bqu,3
5c5j,2
5c5j,1
3q8q,3
3q8q,2
3q8q,1
5j2j,3
4ecv,1
4ecv,2
4y00,1
6bz1,2
2v1u,3
3ez5,2
2ddg,3
4fji,3
4hn5,1
4lb6,1
2v1u,2
3ez5,3
3gim,1
1ysa,2
4ncb,3
4ea4,1
2hr1,2
2hr1,3
5z00,2
5z00,3
5z00,1
9icc,2
9icc,1
5nnu,2
5nnu,1
1sl1,3
1sl1,4
5z00,4
5nnu,3
4khq,1
1s0m,2
9icp,1
9icp,2
9icp,3
9icj,3
1zqq,3
4ceh,1
4ceh,2
3bq0,2
3bq0,1
3tae,3
5twq,2
5twq,3
5twq,1
1zqq,2
5n96,1
5n96,2
1zqq,1
2qnf,1
2qnf,2
5kfx,3
3vke,1
4hdv,3
3tae,2
3tae,1
3bq0,3
4nig,3
1imh,2
1imh,3
1le5,1
1le5,3
3cvy,2
4s05,2
4wb2,1
1u47,1
4lb6,2
4hn5,3
1u47,3
2ddg,1
4ecv,3
4d6o,4
6cce,1
2z6u,3
4s05,3
5t5c,3
5t5c,1
5t5c,2
2c7o,1
2c7o,3
5kea,3
4osm,3
5tb8,3
5tb8,4
4j8u,5
5tb8,2
5tb8,1
5dwb,1
1le5,4
3cvy,1
3cvy,3
1zqk,2
1zqk,3
2w7p,3
6crm,2
1wd0,1
6crm,1
5txz,3
5txz,1
2h7g,3
5j2a,3
5j2a,4
1aoi,2
5bnh,3
1aoi,3
1a35,3
3wkj,5
5j2a,2
2bqu,2
2bqu,1
3zvm,2
2h7g,2
2h7g,1
1a35,1
3wkj,2
3wkj,3
3wtv,4
3wtv,3
5dqu,3
3wtv,2
3wtv,1
5dqu,2
1ysa,1
3tar,1
3tar,3
3tar,2
1m3h,1
4qzc,3
4qzc,2
4qzc,1
3rad,5
3rad,6
3rad,2
2yvh,1
5bom,4
5bom,1
4xa5,2
5mhj,1
4xa5,1
4xa5,4
3k4x,2
2xct,3
3g99,2
2xct,5
2xct,4
4ff3,2
3g99,1
4ff3,1
5jlw,1
6anq,3
6anq,1
6anq,2
4o3n,2
5zmo,1
5zmo,2
4o3n,3
6bcg,2
4o3n,1
3w97,2
5mhj,2
5mhj,3
5bom,2
5bom,3
3k4x,3
1fok,1
1fok,2
1fok,3
1owg,4
1owg,1
1owg,2
1ph4,3
3k4x,1
4xa5,3
3u6y,2
6grc,2
5a77,3
6fbf,2
3uta,3
3uta,1
3uta,5
3vek,2
5ewf,2
5ewf,3
3vek,1
5ewf,1
3vek,3
1ph4,1
1ph4,2
5a77,1
3uta,2
3uta,6
3uta,4
5chg,1
4rdu,2
5chg,2
9icm,3
3mr3,2
4z20,2
4z20,3
3mr3,1
2cv5,4
2cv5,5
2cv5,1
2cv5,3
5dg9,3
2f8n,1
1lww,3
1lww,1
5i42,3
5tye,1
5tye,2
5tye,3
5i42,2
1jwl,2
1jwl,3
2asl,2
5yye,2
8icj,3
5yye,1
5kw6,2
5kw6,1
3twm,3
3rei,4
3rei,3
5ong,3
6es2,1
6es2,2
8icc,3
6ama,2
3jy1,2
6es2,3
3jy1,3
5c53,4
5c53,2
3rel,1
3rel,2
2pjr,3
4q0r,2
5chg,3
4fk2,1
9icm,1
9icm,2
1odg,1
3rei,1
3rei,6
8icc,1
4qm7,2
4qm7,1
2vbl,4
2vbl,5
2vbl,6
2vbl,3
2vbl,1
2vbl,2
5c53,3
3rel,3
3rel,5
3rel,4
2pjr,2
2pjr,5
2pjr,1
4q0r,1
5crx,2
5crx,1
2pjr,4
5c53,1
3coa,1
3coa,3
5kg3,2
4uaz,2
1xsl,2
4c8l,3
4m3u,2
2pua,1
5cl6,2
2fdg,1
2i5w,2
4r8u,1
4noe,1
3oyn,2
2r8k,3
8icn,1
6g2q,1
3qea,3
3t5h,1
1j59,3
4f41,1
3b39,2
1j59,2
4yex,1
8icn,3
3qea,2
2hhw,1
3lz0,4
1a3q,1
5tyc,4
3lz0,1
5tyc,3
5e69,3
5tyc,2
4j2x,1
5e69,2
5e69,1
3gx4,2
4xid,2
4xid,1
1n3f,2
1n3f,3
4xr1,2
4xr1,1
4b5j,1
7ici,2
7ici,1
4b20,3
4wk8,2
4wk8,3
4hly,1
4hly,2
1xhu,3
1srs,3
3sqi,1
3qyx,2
1srs,2
1srs,1
3sqi,3
4k96,1
4cch,1
5wvw,1
3m9m,2
4f4y,3
4f4y,2
4f4y,1
5txm,4
3oya,3
3oya,2
2hw3,2
5txm,3
4rec,1
4rec,2
5txm,1
1azq,1
1azq,2
6en2,2
5mcu,2
4g92,1
7icp,3
5xfr,1
5xfr,2
4wcg,2
7icp,2
4wcg,1
2o8d,2
6ctk,1
6ctk,2
6ctk,3
7ics,2
7ics,1
1m06,3
5ywu,1
5kl2,3
4dfk,2
1cqt,1
3k5n,3
4dkj,2
5wn5,2
1ksp,1
4dkj,3
5wn5,4
4e7l,2
1run,3
4r2d,3
4r2d,1
6ctk,4
4e9h,1
4e9h,3
6bct,2
6bct,1
4e9h,2
7ics,3
3pr4,2
3pr4,3
3pr4,1
1m06,1
1m06,2
1n3f,1
2fmq,2
2fmq,1
5kl2,1
1cqt,3
1cqt,4
4dfk,3
4dfk,1
3k5n,2
4fs2,1
4fs2,2
3k5n,1
5vez,3
5kl2,2
1cqt,2
1r0n,3
1r0n,2
1r0n,1
1r0n,4
5krb,3
5hro,3
5cpk,6
5hro,2
3u6q,1
4jrp,1
2vbn,6
5lek,3
4pha,2
4pha,4
2i5w,3
4pha,1
4fjn,1
4fjn,2
4opk,2
5hr9,2
5hr9,3
5hr9,1
4m3u,1
2pua,2
4opk,1
3q8s,2
3rjf,3
4hri,1
1ga5,2
3g8u,2
2w36,2
3rjf,4
4hri,2
3rjf,1
3rjf,2
4o3q,1
3q8s,1
4o3q,2
4b9n,1
1rh0,2
3rma,2
3oyb,2
3oyb,3
5krb,1
3oyb,1
5krb,2
5cpk,5
5cpk,4
5cpk,3
5hro,1
3u6q,2
3mqy,1
3mqy,2
4dl6,2
4dl6,1
5kg0,2
5kg0,3
5kg0,1
1w0u,2
1w0u,3
1clq,1
1clq,3
5yiw,2
5w9s,1
3kuy,5
5kfu,2
5kfu,3
4jrp,2
5cpk,1
5cpk,2
3u6q,3
4m3u,3
5cl6,1
5cl6,3
2i5w,1
4x0g,2
2w8k,1
2fdg,2
4r8u,4
4r8u,3
4noe,2
1w0u,1
1jx4,3
1jx4,1
4ect,3
4ect,1
3kuy,6
3kuy,2
3kuy,3
3kuy,1
3kuy,4
2dpu,2
4xvi,2
1ehl,1
3tq6,3
2o8f,4
3tq6,1
3a5u,1
4yex,2
1yfi,2
2i0q,2
1fw6,3
1tk5,2
4d1q,2
3ngo,1
3tan,3
3tan,2
4d1q,1
2jef,3
2jef,1
8ict,1
8ict,3
8ict,2
3qrf,2
3mqy,3
4dl6,3
2gxa,1
2gxa,2
1yfi,1
3v1z,1
4ycx,4
4ycx,3
4ycx,2
3wu1,3
3kov,2
4qzd,2
3wu1,4
4qzd,3
4ecw,1
2i0q,1
4rpz,1
1fw6,2
2o8f,2
1tk5,1
2o8f,1
1tk5,4
3pml,3
4qzd,1
4rpz,2
4rpz,4
2i0q,3
4rpz,3
1fw6,1
5omf,1
3oyn,1
3gli,2
3lz0,6
2hhw,3
5tyc,1
1a3q,3
3lz0,3
3lz0,2
1sfu,1
4j2x,2
4j2x,4
4j2x,3
1sfu,2
1q3u,1
1q3u,2
1q3u,3
1yqm,2
1yqm,1
3tan,1
1yqm,3
2jef,2
3qrf,3
3qrf,4
3qrf,1
1z1c,2
1z1c,3
5omf,2
5omf,3
3oyn,3
2r8k,1
2r8k,2
3gli,1
3lz0,5
8icn,2
2evf,1
5dlo,1
5dlo,2
5akm,1
4mht,3
3thw,3
5akm,3
3thw,1
4mht,1
6g2q,2
6g2q,3
6g2q,4
3qea,1
2hhw,2
1a3q,2
5xf5,5
5xf5,6
5l1l,3
1am9,2
1am9,3
5l1l,1
3thw,2
5akm,2
5akm,5
5akm,4
4mht,2
5dqz,2
5dqz,1
5dqz,4
5l1l,2
1am9,1
2evh,2
1owf,4
2evh,3
4wlw,2
4wlw,1
1k78,1
1k78,2
5hto,2
2oyq,1
5cl4,2
5cl4,1
2e43,3
1u8r,3
2w9c,1
2w9c,4
5t2n,2
1owf,2
1owf,1
5d4s,2
1owf,3
5d4s,1
2oyq,3
4ew0,3
5hto,3
2oyq,2
1u8r,1
5cl4,3
2e43,1
5hto,1
5n98,2
5n98,1
1u8r,2
2e43,2
5zd4,1
3btz,2
5kl7,2
5kl7,1
5zd4,2
3rb0,3
4o3q,3
2w36,3
3q8s,3
2w36,1
4hri,3
1eri,1
1hlv,1
3rbe,3
5c51,4
1ga5,1
4ymo,4
6cti,2
6cti,1
2fqz,3
3c1b,3
3c1b,1
3slp,1
5esp,1
5esp,3
5esp,2
3pml,4
3pml,2
3pml,1
1ehl,3
4zq9,3
3tq6,2
1ehl,2
4zq9,2
4zq9,1
3coq,1
3coq,2
3coq,3
1nzb,3
5kfu,1
4ymo,3
4ymo,2
4ymo,1
6cti,3
6cti,4
2fqz,2
2fqz,1
3c1b,2
3a5u,2
4yex,3
1nzb,1
1nzb,2
1j59,1
3c1b,5
3c1b,4
3slp,2
4rtr,3
2vbn,1
4rtr,2
3g8u,3
3rbd,1
5v08,2
5v08,3
4yd1,3
4yd1,2
4yd1,4
3klh,6
5lek,2
2agp,1
5lek,1
3klh,1
4tui,3
4tui,2
4xvi,1
5c51,3
5c51,2
3ulp,2
5c51,1
4rtr,1
2agp,3
4tui,1
4c8l,1
4c8l,2
2vbn,2
2vbn,5
3klh,4
3klh,3
2agp,2
4yd1,1
3klh,5
3klh,2
4pha,3
1eri,2
1hlv,2
1hlv,3
3rbe,2
4xvi,3
1jnm,1
1jnm,2
3g8u,1
3rbd,2
3rbd,3
5v08,1
4fjn,3
2vbn,4
1xsl,4
2vbn,3
1xsl,3
3ngo,2
4d1q,3
1tk5,3
4f41,2
2o8f,3
3v1z,2
4ycx,1
3kov,1
3kov,3
4ecw,2
4ecw,3
3wu1,1
3wu1,2
4fjx,3
1gji,1
1gji,2
2hhs,2
5frm,2
5frm,3
1gji,3
5g5t,2
2hhs,1
5frm,1
3t5h,2
1qnc,2
1qnc,3
2hhs,3
1r4r,2
4fjx,1
5dqz,3
5xf5,1
4y60,2
5xf5,3
5xf5,4
5xf5,2
4y60,1
4y60,3
3d0a,2
2uvw,3
2uvw,1
3oa6,4
1a02,3
3oa6,3
4df8,1
4zux,3
4zux,11
4zux,1
1ckq,1
4ykl,2
4zux,6
4zux,2
4zux,4
3vai,2
3ukg,3
3vai,1
4ykl,1
4df8,3
4df8,2
1t3n,1
1t3n,2
3oa6,1
1bl0,1
1a02,5
1bl0,3
1ckq,2
6dsx,3
4kny,3
1u1p,1
1a02,4
1a02,2
3oa6,2
1bl0,2
3fde,2
3fde,3
5y0c,2
5y0c,4
4i9q,2
4i9q,1
5e8i,3
5e8i,1
5e8i,2
3vaf,1
4i9q,3
4i2f,1
3fde,1
5hnf,3
1gtw,1
2ozm,1
3c2i,3
4g4r,3
1id3,4
2fdi,2
1id3,1
3o1p,3
4g4r,2
1id3,3
1id3,5
2fdi,1
1id3,2
3o1p,2
3o1p,1
5tbb,2
4ruc,1
4hja,1
4ni7,1
5u9h,4
2ozm,2
3c2i,2
3c2i,1
2ozm,3
4g4r,1
5tbb,4
5tbb,3
3n97,1
3s57,2
5tbb,1
3s57,3
4ruc,3
4ruc,2
4ni7,2
4hja,2
5u9h,1
5u9h,3
3g99,3
2xct,2
2xct,1
5jlw,2
5jlw,3
3vk7,2
3vk7,3
2a07,2
2a07,3
5jrg,3
5jrg,5
5jrg,6
5v0a,3
3ecp,1
5v0a,2
4fpv,2
3f8j,3
5xvo,4
2isp,2
5xvo,3
5xvo,2
5jvt,3
6bcg,1
3jxd,1
1k6o,2
3rrg,2
3rrg,3
2wq7,3
2vih,2
4rb2,2
4rb2,1
7ict,3
5jvt,1
2qby,2
2qby,3
5kfm,3
5dnm,1
5dnm,3
7ict,1
7ict,2
1lws,3
4be1,1
4j9s,3
3lzj,3
3lzj,2
3u6p,1
2ssp,2
173d,1
4a8w,1
5v0a,1
3f8j,1
2isp,1
2isp,3
5xvo,6
5xvo,5
2isp,4
5xvo,1
5jvt,2
5kfm,2
2qby,4
2qby,1
5vzi,4
5dnm,6
5dnm,4
5dnm,5
4f5o,1
4f5o,4
1a31,3
1a31,2
1zla,6
1zla,1
1zla,5
5va0,2
5va0,1
3ksa,4
3ksa,6
5hq2,1
3pmn,3
1zla,2
1zla,3
3ksa,3
3ksa,2
3ksa,1
4j9s,1
4j9s,2
6ctj,4
1zla,4
5va0,3
6cta,1
6cta,3
6cik,1
2bcs,4
1uaa,2
2w7n,2
4dsi,2
1ig9,1
1ig9,3
5no1,2
2rve,1
5ewg,1
4ibu,1
4av1,1
3n4m,3
2bnw,3
6cik,5
3n4m,1
2bnw,1
2ea0,3
4i28,1
6cik,4
6cik,3
5hlf,3
4tu8,2
5hlf,2
5yej,3
5yej,2
5yzz,2
3irq,3
4rb3,2
3gqc,3
1osb,1
1osb,2
3g9o,2
3g9o,3
3g9o,1
2evi,3
3lnq,1
3lnq,3
6cta,2
5j70,3
3kle,4
3kle,3
5kfy,2
2ea0,1
7ich,2
2ea0,2
4dsi,3
1ig9,2
6bov,3
5no1,3
2rve,2
6bov,2
4av1,2
4av1,3
5ewg,3
4i28,2
3n4m,4
6cik,8
6cik,7
6cik,6
6cik,2
4efj,3
4efj,2
4efj,1
2evi,1
2evi,2
3jsm,2
6bov,1
3cfp,1
3cfp,2
5ewg,2
3cfp,3
5no1,1
2bnw,2
3n4m,2
5j70,1
5j70,2
3kle,2
5kfy,1
1uaa,1
3d0a,1
5kfy,3
1cma,3
4ibv,1
5xf4,2
4ibu,2
3gqc,1
3lnq,2
4ez6,1
4z5d,3
6cim,2
6cim,8
6cim,4
5hlf,1
5yej,1
1ozj,3
3k3r,1
3gqc,2
4lvj,2
4lvj,1
1lpq,2
1lpq,1
4lvj,3
3pta,2
7ice,2
5oy7,1
5oy7,4
5oy7,3
2fvp,1
3k3r,2
4a8q,2
4a8q,1
4lg0,3
4lg0,2
5oy7,5
3mfi,1
2fvp,2
1lpq,3
1ozj,1
1ozj,2
3pta,3
3mfi,3
3mfi,2
3pta,1
5oy7,6
7ice,1
7ice,3
5yzz,3
3irq,1
2a07,1
3vk7,1
3w2a,1
5jrg,1
1k6o,4
3jxd,2
5kub,2
5kub,1
6anq,4
6bcg,3
3w97,1
1k6o,3
3w2a,3
5jrg,4
2vla,1
3w2a,2
5jrg,2
2vla,3
2vla,2
4fpv,1
3f8j,2
3rrg,1
5kub,3
2wq7,2
2vih,1
5w34,2
5w34,1
3igm,1
3igm,2
5dnm,2
1rpz,1
3u4q,2
3c3l,2
1qss,1
3wpg,1
1ckt,3
5eix,3
5eix,2
5kfp,1
4hp3,2
4hp3,1
5kfp,2
5kfp,3
3lz1,6
3lz1,1
3lz1,3
4z1x,2
3lz1,4
4z1x,3
2h7f,3
5itu,3
3lz1,5
4z1x,1
3lz1,2
2h7f,1
1kb4,2
4zux,9
4zux,10
4zux,8
3ukg,2
1a02,1
5cdo,1
5cdo,2
1xjv,2
4ikf,2
2vbo,2
2vbo,3
2vbo,4
1k3w,1
2vbo,1
4e0z,3
4e0z,1
4ikf,1
1k3w,2
1k3w,3
5d23,1
5d23,2
3gv8,3
1rpz,2
1ckt,1
1ckt,2
2bpf,1
1ph4,4
4oor,3
3gv8,2
4oor,2
4oor,1
5y0c,5
4i2f,2
4ikf,3
3gv8,1
4zux,7
3ukg,1
4zux,5
5cdo,3
1xjv,1
4e0z,2
5eix,1
1kb4,3
1kb4,1
2h7f,2
5itu,1
4nln,3
5y0d,3
1p3o,4
3buc,3
3dnv,2
1p3o,2
5y0d,5
5y0d,1
5y0d,4
6ctj,2
2as5,3
6ctj,1
2as5,4
6dwy,1
4lll,1
5mct,2
1kfs,2
4r2e,1
1pue,1
4r2e,2
3vh0,1
3vh0,2
5hq2,2
5hq2,4
3pmn,4
5hq2,8
5hq2,6
5hq2,7
5hq2,3
5hq2,5
3pmn,2
3pmn,1
1a31,1
5itu,2
5szt,1
5szt,2
5szt,3
1u1o,2
4nln,2
3dnv,3
4elv,3
5yeg,4
3buc,1
1p3o,3
3buc,2
5yeg,3
1p3o,5
5hnf,2
2ntz,2
2ntz,1
3uxw,1
1yfj,1
5lgy,2
5lgy,3
2ac0,2
5lgy,1
3uxw,2
1gtw,2
1yfj,2
2ntz,3
1gtw,3
2ac0,1
5hnf,1
5vbs,2
4dsk,1
4dsk,3
5u9h,2
2bcs,2
5y7g,1
3kle,1
4r22,1
3jsm,1
6dsx,2
4r22,2
2bcs,3
1nk5,2
4eot,1
5mlu,1
5mlu,3
5mlu,8
2np7,2
2bcs,1
5y7g,3
1nk5,1
2e52,2
5vbs,3
3n97,2
1zqp,1
5emp,3
5emp,1
5e3l,2
5e3l,3
5e3l,1
5vu8,3
5vu8,1
4i27,2
9icg,3
5kfo,3
2asj,2
5emp,2
1zqp,3
2asj,1
2asj,3
5kfo,1
1zqp,2
2o5e,1
4osk,1
3o62,1
3qno,2
5k7z,2
1i8m,3
4i27,1
5kfo,2
3bdp,2
3bdp,1
5v07,3
5v07,1
3sun,1
3n97,3
3n97,4
4osk,3
3o62,3
1lb2,2
1i8m,4
9icg,1
5k7z,1
5vu8,2
1lb2,1
5j2h,4
4osk,2
5j2h,2
5j2h,3
3o62,5
1i8m,2
3o62,6
3o62,4
5j2h,1
9icg,2
3o62,2
1lb2,3
4ria,3
4ria,4
4ria,2
4oww,1
5v07,2
3sun,2
3qno,3
2ih5,3
3qno,1
3bdp,3
4ria,5
4tyn,1
4tyn,2
4oww,3
3s57,1
1lb2,4
2e52,1
2w7n,1
3us2,3
2p5o,3
5mlu,2
5mlu,4
4r64,4
2p5o,2
2xcs,1
2xcs,2
5mlu,5
4eot,3
5mlu,6
3ei1,2
2np7,3
4r64,2
4r64,3
2p5o,1
4r64,1
7ich,1
7ich,3
2uvw,2
2w7n,3
4dsi,1
5y7g,4
3ei1,4
3ei1,3
3ei1,1
3ndh,2
3ndh,1
3ndh,3
5xf4,5
5vbs,1
4dsk,2
5mlu,7
4eot,2
2np7,1
5y7g,2
1nk5,3
5t0u,3
5t0u,2
3us2,2
5t0u,1
3us2,1
1o3s,2
3x1s,3
3x1s,5
4osw,2
4a0k,1
5hnh,2
3h8r,2
3wty,2
5hnh,1
3mby,1
3mby,4
3mby,3
4fzz,2
4wzs,5
4ny8,1
4ny8,4
1q0t,1
1q0t,2
1lwt,1
1lwt,3
1lwt,2
3clz,3
5xm8,1
5hoo,2
5hoo,3
5hoo,1
2c9n,2
1nk7,3
1k7a,1
1k7a,2
1k7a,3
4a0k,3
3oyj,2
2j6u,3
1rtd,1
3k58,3
3btx,3
3k58,1
5zjr,3
2aor,1
5zjr,4
3btx,2
5zjr,1
3epg,2
4fzz,1
3swp,3
3swp,2
3swp,1
5dfi,3
1ca5,1
1ca5,2
5zjr,2
3btx,1
4pu3,4
4pu3,2
4cn7,3
4pu3,1
4cn7,1
4cn7,2
1wtp,1
1wtp,2
4e0g,3
4rkh,3
5cby,1
5xq2,4
1tsr,1
1tsr,2
4j9m,3
4j9m,2
4j9m,1
1ku7,1
5b33,5
5b33,1
4xq8,2
1azp,2
4yis,3
4hc7,1
4phe,4
4phe,3
4phe,2
4phe,1
5v09,2
5v09,1
3reh,2
2pxi,4
5jum,3
5jum,1
2o93,1
4e0g,2
2o93,2
4e0g,1
4rkh,2
4rkh,1
5cby,3
5cby,2
4gxj,1
5cy1,2
5cy1,3
4juz,3
4ecz,3
1s9f,2
4ecz,2
3bdn,2
3raf,6
3raf,4
3raf,2
3bdn,3
1lwv,2
2dnj,2
2dnj,1
1njy,1
1njy,3
3e44,2
4q10,2
3u60,1
4aik,1
4ou6,1
5h58,2
4xqj,3
5e5s,2
3v21,2
3mva,3
4ati,3
4ati,2
4ati,1
2r8i,2
3raf,1
3p57,2
3p57,4
1if1,1
1if1,2
1o3t,2
1s9f,1
4ecz,1
1s9f,3
3raf,3
2r8i,1
2r8i,3
3raf,5
3bdn,1
4qpq,3
5xq2,2
5xq2,3
5xq2,1
4be0,2
4nih,2
2o93,3
4pu3,3
2pxi,2
2pxi,1
2pxi,3
5jum,2
9icr,1
9icr,2
9icr,3
5n9d,2
1o3t,3
2fo1,3
1o3t,1
4rq3,4
4rq3,1
2pvi,2
2r2u,3
2pvi,1
2r2u,1
2fo1,5
3v21,1
4rq3,2
4rq3,3
3mva,1
3mva,2
3wgi,2
3azk,1
3mdc,4
3mdc,3
1po6,1
3q8m,4
4r5p,1
3q8m,1
4wls,5
1ign,1
1ign,3
1ign,2
4ymm,1
4wls,4
4wls,1
3gij,3
4wls,3
3u6s,2
3u6s,3
4r5p,4
4j9k,2
4r5p,2
4a15,2
4a15,1
5uuh,3
5uuh,1
5uuh,2
4esv,3
6fqm,3
4juo,3
3k5m,3
3k5m,1
3mnn,5
3mnn,2
3mnn,3
4j9k,1
4r5p,3
1vtl,3
1vtl,1
4k9b,1
4k9b,2
4k9b,3
3mnn,6
3mnn,4
4bxo,1
2ih4,1
2ih4,3
2r0q,1
2r0q,2
2fvq,2
8icu,1
1j3e,1
3v9z,1
3uby,2
2g1p,2
2ih4,2
2r0q,3
2ktq,2
4oss,1
4oss,2
4oss,3
4k1g,3
1d3u,1
2ktq,1
4xvl,2
2fvq,1
4fbt,3
4xvl,3
4xvl,1
5t5k,3
1otc,1
5x5l,3
3thv,3
5ke8,2
5gq9,3
5ke8,1
4f4z,3
4f4z,2
5gq9,1
6d0z,1
1dnk,2
1tx3,2
3thv,2
1p59,3
5tyg,3
5tyg,2
3c0w,4
3c0w,3
5ke8,3
5xm9,3
5xm9,2
5xm9,1
5nnx,1
5nnx,2
3v9z,2
2g1p,1
1dux,1
3mxa,4
1dux,2
3mxa,3
1dux,3
3m8s,3
1dnk,3
1tx3,1
5tyg,1
3uby,1
1dnk,1
5tyg,4
3c0w,1
3c0w,2
1p59,1
1p59,2
5gq9,2
4f4z,1
5hch,3
6d0z,3
5nnx,3
5hch,1
3mxa,5
4j00,1
3u6s,1
4j9k,3
2zo1,2
4bxo,2
4bxo,4
4bxo,3
3cmu,2
3hts,1
4gct,2
4gct,1
2bq3,2
1po6,2
3c25,1
2uvr,2
2uvr,3
4flu,1
3m8s,1
7ico,2
7ico,1
7ico,3
2uvr,1
4j00,2
3m8s,2
5k83,2
5k83,1
1zzi,2
4l5s,1
4flu,2
4flu,3
6erh,5
1d3u,2
4k1g,2
2ktq,3
6erh,4
5gzb,2
5gzb,3
4hdu,2
5gzb,1
4hdu,1
5z30,4
5z30,1
4hdu,3
5z30,3
4k1g,4
5z30,2
4k1g,1
3thv,1
1d3u,3
1d3u,4
6erh,2
3igc,1
5z30,5
6erh,1
6erh,3
6d0z,2
5hch,2
3v9w,1
3v9w,2
3dpg,2
4juo,1
1vtl,2
3mnn,1
2zo1,1
3mdc,2
3azk,3
3azk,4
3azk,2
3mdc,1
3wgi,1
4juo,2
2ivh,2
3k5m,2
2zo1,3
3azk,5
3cmu,1
3hts,2
5ddg,2
5ddg,3
5ddg,1
5y3j,3
4jqd,2
3c25,2
5y3j,1
1hu0,3
1fyk,2
1pv4,2
1hu0,2
4juo,6
4juo,4
4juo,5
2ivh,1
1svc,1
6fqm,2
3dpg,1
1lwy,2
4z2e,2
5xs0,5
5xs0,4
2h8c,2
1p3a,5
4rt2,1
4rt2,4
5kfc,1
6erp,1
6erp,5
3mxa,2
3mxa,1
3lap,3
3lap,2
3lap,1
3ne6,2
2h8c,1
2ve9,1
1p3a,1
1p3a,4
1p3a,2
1pv4,1
3c25,3
4jqd,3
2bq3,1
4jqd,1
1fyk,1
1p3a,3
2ve9,2
5xs0,1
4pba,1
4l5s,2
1zzi,1
6erp,4
4rt2,2
4rt2,3
3ne6,3
1hu0,1
4esv,1
1lei,2
1lei,1
1lei,3
5kfc,3
5kfc,2
6erp,3
6erp,2
1lei,4
4z2e,3
2ok0,2
2ok0,1
4z2e,4
5v06,1
2ok0,3
5v06,3
5v06,2
4z2e,1
2ve9,3
3tu4,3
5b0z,4
5b0z,2
3o1r,3
1vpw,1
1l1z,1
5xze,3
5xze,1
6bor,3
3tu4,1
2gli,2
2gli,1
3i3m,2
5k07,2
5n6i,3
1l1z,3
5k07,1
3i3m,1
5n6i,1
5n6i,2
3zi5,3
5b0z,5
3ts8,2
3zi5,1
3ts8,3
3zi5,2
5b0z,3
3o1r,2
3o1r,1
5e41,3
5e41,2
6bor,2
2gli,3
1l1z,2
1hap,2
1hap,1
1hap,3
5w2m,2
5xp8,2
4hid,2
4hid,1
5xp8,4
3tu4,7
3tu4,4
3q06,1
3oy9,3
2wt7,2
3oy9,2
3oy9,1
2dpd,1
2dpd,2
1p51,1
3kjv,3
3px6,3
3kjv,2
3px6,1
1a1g,3
1a1g,1
1a1g,2
5e41,1
5xze,2
1vpw,2
6bor,1
5kfj,1
5kfj,2
1ngm,3
4qzf,2
3taq,1
3i0x,1
3kjv,4
2wt7,3
1hht,2
3px6,2
3kjv,1
3taq,3
3taq,2
5kfj,3
1ngm,2
1ngm,1
1ngm,4
3vxx,2
3i0x,3
3vxx,3
3i0x,2
3vxx,1
1ebm,1
1wtq,1
5hrg,2
1wtq,2
5b0z,1
5hrg,1
4do9,1
2wt7,4
2dpd,3
1p51,2
1hht,1
2br0,2
1ecr,2
1ecr,3
4ptf,2
4dih,2
4dih,1
5hrb,1
1ph2,3
1b8i,3
1b8i,2
2r1j,2
1fyl,1
2r1j,1
1ewn,2
2r1j,3
1ewn,1
5d4e,1
4o5c,1
4o5c,4
9icx,2
2cax,3
1ph2,4
1ph2,2
1ph2,1
1b8i,4
1b8i,1
1fyl,2
1ewn,3
1ecr,1
5n8z,2
2br0,1
2br0,3
5n8z,1
4ptf,3
4ptf,1
3lwh,2
5d5x,1
4o3p,1
3m7k,2
5mey,2
3igc,3
3igc,4
3igc,2
1otc,3
1otc,2
2xo6,2
4fbt,1
4cn5,1
1j3e,2
5t5k,1
2xo6,1
3mgv,2
2e42,1
2xro,2
2ex5,2
4dto,2
4dto,1
1d2i,2
2xro,1
2ex5,3
1d2i,1
3sz2,2
4r65,4
4r65,2
4r65,3
1sks,1
5zjt,3
3e54,4
3e54,3
3e54,2
3q06,3
1sks,4
1sks,3
3q06,2
5zjt,4
5zjt,2
5zjt,1
3e54,5
3e54,1
3kqh,1
2bcq,3
2bcq,4
5g33,2
2gih,2
4r65,1
1sks,2
3kqh,2
2bcq,1
2bcq,2
1bua,1
3osg,2
3osg,3
3va0,1
3mxb,3
4d6n,4
4d6n,2
4d6n,3
4d6n,5
3d71,1
4lt5,2
1bua,2
6fi8,1
3oyg,1
3e42,2
3e42,1
1oup,2
1oup,3
2uzk,1
4wzw,2
2uzk,2
5wnx,2
1z9c,1
1z9c,2
1z9c,3
3vk8,3
1egw,2
1egw,1
1egw,3
4o5c,2
3oyg,3
3oyg,2
4o5c,3
3osg,1
6fi8,2
6fi8,3
5d4e,7
5d4e,6
5d4e,4
5av5,1
5av5,2
5mcw,2
5iin,4
5iin,2
9icl,1
2v4r,3
2v4r,1
5eax,1
2v4r,2
5iin,3
1du0,2
1du0,1
1du0,3
9icl,3
1p3i,2
1p3i,1
4itq,2
5mcw,1
1qzg,1
1qzg,2
5iin,1
5u8g,3
2bcr,2
5oxj,3
4ir9,4
5oxj,1
2bcr,1
2bcr,3
9icl,2
2iif,4
2iif,3
2iif,1
2iif,2
6cc8,1
1p3i,4
1p3i,5
1p3i,3
2cax,5
2bcr,4
4g0v,3
4g0v,1
2cax,4
1bdv,3
1bdv,2
1hut,2
1hut,3
1hut,1
4ppx,3
4ppx,1
5f56,2
2ere,2
2ere,1
5f56,1
4kpf,6
4kpf,1
4kpf,5
4kpf,2
4kpf,3
5x6m,3
2pyo,6
1odh,3
4f4k,2
4f4k,3
4f4k,1
4on0,2
4kpf,4
4on0,3
4on0,1
5f56,3
1bdv,1
4ppx,4
9ict,1
4ppx,2
9ict,2
5vzd,2
5vzd,4
5vzd,3
9ict,3
5vzd,1
3rad,3
2yvh,3
2yvh,2
3q2y,2
4ndh,2
2i9t,3
2i9t,1
4ndh,1
1mq2,4
5tba,1
5tba,3
5tba,4
5tba,2
1zrc,2
4klm,3
4klm,2
4mff,2
1mq2,1
1mq2,2
1mq2,3
9icx,1
4klm,4
2i9t,2
2i9t,4
4b9u,2
4b9u,3
4b9u,1
9icx,3
4yrv,1
4yrv,3
4dl5,2
3oyc,2
3qi5,2
3oyc,1
3oyc,3
4klm,1
1zrc,1
5kt5,1
5kt5,2
5kt5,3
6fqq,2
6fqq,1
4itq,1
4itq,3
2flp,1
2flp,3
2flp,2
4m95,2
4lt5,3
2rbf,3
4lt5,1
2rbf,2
2rbf,1
1xsp,1
2xca,2
1oup,4
2xca,1
3vk8,1
3vk8,2
4m95,1
4m95,3
2vz4,2
2vz4,1
5eax,2
6cc8,2
5bol,4
3ri4,2
5u8g,4
2cax,1
4ir9,2
5oxj,2
4ir9,1
4g0v,2
3qmb,2
5u8g,1
5u8g,2
2cax,2
5bol,3
3ri4,3
5bol,1
3ri4,1
5av5,3
5bol,2
3qmb,1
1p78,1
1le8,4
1le8,1
1bf4,2
3mlp,1
3mr6,3
5byg,2
1ijw,2
4qtr,1
4jwn,4
1mm8,1
1mm8,3
1qai,2
6cuu,2
3tap,1
3tap,3
2bpa,1
2vw9,2
5dpk,1
3h8x,2
6cg8,3
3h8x,3
3h8x,1
3h4d,2
3mr6,1
6g1t,3
6g1t,2
5byg,1
5yi2,2
4euw,1
4euw,2
1puf,3
3vw4,3
5cc0,3
3jr5,2
3jr5,1
3jr5,3
5cc0,2
3vw4,1
5cc0,1
3vw4,2
1puf,1
1puf,2
1puf,4
1ijw,3
1ijw,1
4qtr,3
4qtr,2
4jwn,2
4jwn,3
2o5e,2
4p0p,5
4p0p,3
4dsf,3
4dsf,2
5fb2,1
5fb2,2
3pr5,3
3pr5,2
2oxm,3
2c22,1
2oxm,1
1njx,2
2c22,3
1njx,3
1hwt,3
1hwt,2
2oxm,2
4ria,1
4oww,4
4oww,2
3sun,3
5t7x,3
4qju,2
4m9v,3
2ih5,2
2ih5,1
3ko2,2
3kxt,1
4dl2,1
4dsf,1
2vw9,1
5dpk,3
5dpk,2
6c1a,2
6c1a,1
4rt3,4
3d2w,2
4xls,4
4klu,2
4xls,1
4klu,3
4tmu,2
4xls,3
4tqr,1
4ri9,2
1qp9,1
2qsg,4
3d2w,1
4klu,4
1eon,3
1qp9,3
4ri9,4
1eon,1
1qp9,2
2qsg,3
2qsg,1
4x4f,1
4tqr,3
4tqr,2
3tag,3
3tag,2
4klu,1
4tmu,1
4xls,5
4xls,2
3tag,1
4ymn,4
4ymn,3
5f7q,3
5f7q,2
5uop,2
4f2j,2
3azg,1
3azg,4
3azg,2
3azg,3
3cvw,1
4p4o,4
5vs3,3
4klt,2
4klt,3
6dsw,1
4p4o,1
4jcy,2
4jcy,3
6dsw,2
5b32,5
5b32,2
6cuu,1
1p78,2
3mlp,2
1bf4,3
5i3u,3
5i3u,1
3wtp,4
3wtp,1
5kg7,3
5kg7,1
3cwu,3
5d2q,2
4eey,3
4eey,2
5d2q,1
4hqe,2
3oyi,2
3oyi,3
4hqe,3
5g34,2
4eey,1
5g34,3
1rg1,1
1rg1,2
2cdm,1
1rgu,1
3cwu,2
1njz,1
3cwu,1
1njz,2
1njz,3
4rpy,3
2nzd,4
4rpy,2
4rpy,1
1rpe,1
1rpe,3
1k8g,2
3oyi,1
4hqe,1
5vrz,1
5vrz,2
5vrz,3
5vrz,4
5g34,1
2cdm,2
4tzd,3
4tzd,2
3tab,3
3ngi,3
3ngi,1
5vs3,2
4tzd,1
4rpy,4
2nzd,2
2nzd,1
2nzd,5
2nzd,6
2nzd,3
1rpe,2
1xo0,2
4rt3,3
2y35,1
1g2f,3
1g2f,2
5t7x,2
4rt3,1
3w6v,3
3w6v,2
1g2f,1
5zcw,1
5zcw,2
1bvo,1
3w6v,1
5zcw,3
1bvo,2
1bvo,3
3tap,2
2bpa,2
2bpa,4
2bpa,3
3n7q,3
5byg,3
6g1t,1
5yi2,1
4euw,3
6cg8,2
6cg8,1
3h4d,1
1ph8,1
6c1a,3
1ph8,2
1ph8,3
5ugo,1
1n39,1
1n39,2
1n39,3
4rt3,2
2y35,2
5t7x,1
4p0p,4
4p0p,2
4aij,2
3mr6,2
3n7q,2
3n7q,1
3kqn,1
5lxu,3
3tab,2
5uop,1
4f2j,1
3azg,5
5o6e,1
5xm0,1
5xm0,4
5xm0,3
3sau,3
4yo2,1
5i3u,2
5o6e,2
5j5q,2
5j5q,1
3l4j,2
5uhd,2
3tab,1
3cvw,2
3cvw,3
3l4j,4
3ogu,3
3kqn,2
5uop,3
5uhd,6
5uhd,3
3a4k,3
3a4k,1
5uhd,4
4b9v,3
5uhd,5
3l4j,5
3l4j,3
3l4j,1
3ogu,2
3ogu,1
5lxu,2
5lxu,1
4b9v,1
4b9v,2
4zbn,1
4zbn,2
5emq,3
3wtp,6
5emq,1
3wtp,3
5emq,2
3wtp,5
3wtp,2
5kg7,2
1k8g,1
5vpe,4
1tc3,1
1tc3,3
1tc3,2
3ngi,2
5vs3,1
5twr,4
5b32,6
4ka4,2
5twr,3
5twr,1
5uhd,1
4ka4,1
5b32,4
5wx9,1
4ljr,1
5vs3,4
4klt,1
4p4o,2
4p4o,3
4klt,4
4jcy,1
5b32,3
5twr,2
5b32,1
4ljr,2
4hca,1
5vpe,3
5vpe,2
5w35,2
5w35,3
5w35,1
2pe5,1
4dl2,2
3ga6,2
1rgu,2
5wx9,2
5wx9,3
4hca,3
4hca,2
4dl2,3
3ko2,3
3ko2,1
2pe5,2
3kxt,2
3ga6,1
3ga6,3
3sau,2
4yo2,3
4yo2,2
1le8,3
1bf4,1
4aij,3
4p0p,1
4aij,1
1qri,2
1qri,1
6eo7,2
6eo7,3
3sau,1
6dsw,3
1le8,2
6eo7,1
5dlg,3
5dlg,1
2c22,2
4qju,1
3crx,3
3crx,1
3crx,4
3crx,5
5xm0,5
5xm0,2
2or1,2
1ais,3
1ais,4
4fnc,2
4fnc,1
2asd,1
2asd,3
1ais,2
4fnc,3
5d9y,3
5d9y,2
5d9y,1
4ri9,3
4ri9,5
1eon,2
2asd,2
4ri9,1
2qsg,2
4x4f,3
4x4f,2
1xo0,1
3dvo,2
4qza,2
1dmu,1
2or1,1
4qza,1
2or1,3
4c30,1
1dmu,2
1ph8,4
1ais,1
3dvo,1
4qza,3
3h4d,3
4c30,3
4c30,2
1xo0,3
3sz5,2
3jsm,4
3jsm,3
3sz5,1
4ibv,2
1cma,2
1cma,1
5wvy,2
5wvy,1
4lg0,4
4lg0,1
4e0p,2
3irq,2
4rb3,3
5xf4,6
5xf4,4
5xf4,3
5xf4,1
4e0p,3
4e0p,1
4rb3,1
5oy7,2
4jwn,1
1mm8,2
5ugo,4
5ugo,2
5ugo,3
3b6f,2
3b6f,4
3b6f,6
4ld9,5
3b6f,1
4ld9,3
3b6f,3
3rzg,2
4ld9,7
3rzg,3
4ld9,2
3rzg,1
2j6s,3
4kfc,1
1f0o,2
1f0o,1
2fj7,2
6dcf,5
2fj7,5
6dcf,8
2fj7,3
6dcf,6
6dcf,4
4aso,2
4aso,1
5v1r,3
5v1r,4
3sq4,3
3sav,1
4rtm,2
1m6x,1
5vi8,9
5vi8,7
5vi8,6
4dl7,2
5vi8,4
4dl7,1
3b6f,5
4ld9,6
1xc9,2
4ld9,1
2j6s,2
1xc9,1
4kfc,3
4dl7,3
5vi8,3
1l3l,2
6dcf,2
5ca7,2
3mln,2
5ca7,1
2pyj,2
3mln,1
2pyj,1
4o5e,4
5ca7,3
4ld9,4
2j6s,1
4kfc,2
1xc9,3
2fj7,6
6dcf,7
2fj7,1
2fj7,4
4ond,2
4ond,1
2imw,1
4ond,3
2imw,3
2imw,2
3ere,3
3ere,2
5u2s,1
5u2s,3
6dcf,3
5u2s,2
2pyj,3
6dcf,1
5u2s,4
3ere,1
1l3l,1
3rmd,2
3mxi,2
5hp1,2
6ctn,3
6ctn,4
3rmd,1
3gil,2
3gil,3
3mgr,1
1b96,1
1b96,2
4iqr,1
1zqh,3
6d1t,2
6d1t,1
3q5p,2
3q5p,1
1oj8,1
1oj8,2
3mgr,5
4fjg,1
4fjg,2
3mgr,3
1eoo,2
4iqr,2
1zqh,2
1zqh,1
3mgr,4
1eoo,1
4iqr,4
4iqr,3
1u4b,3
5hp1,3
4k8z,1
4wuh,1
4wuh,4
5j5p,2
5j5p,1
4a04,1
1rep,1
1rep,2
1bgb,1
4wuh,2
4wuh,3
4a04,2
3ugo,2
3ugo,1
4enj,2
1ua1,2
6ctn,1
6ctn,2
3mxi,1
1ua1,3
5o63,2
3jyt,1
4yhx,2
3jyt,2
3mgr,6
4fjg,3
1n48,3
1n48,2
1zqr,2
1zqr,3
3e44,3
3e44,1
1zqr,1
3bq1,2
3bq1,3
3bq1,1
5tyz,2
5btc,4
5tyz,4
5tyz,1
4bqa,3
1jkp,1
5jgh,3
5jgh,2
1lwv,3
3i0w,2
1jfi,5
1phj,2
3mx9,3
1jfi,1
3mx9,1
1jfi,3
4osl,1
1jfi,4
3mx9,2
5txp,3
5txp,4
3gfi,3
3gfi,2
5jgh,1
1jkp,3
1jkp,2
2dnj,3
4iqw,2
4iqw,1
1njy,2
1phj,1
4osl,3
1phj,4
3gfi,1
5txp,1
5txp,2
5hbu,1
4oi8,2
1ewq,2
5txo,4
5txo,3
5txo,1
5txo,2
2ady,1
4gxj,3
4nqa,4
4gxj,2
2xy5,2
4nqa,1
2xy5,1
4nqa,5
4nqa,2
5h58,1
4xqj,2
4xqj,1
4be0,3
4be0,1
3n1k,2
1tsr,3
3thy,3
3thy,4
5db9,1
5db9,4
5yef,2
5db9,2
3thy,2
5yef,3
3c28,2
5e5s,3
5yef,1
1an4,2
1an4,3
4f5p,1
1qx0,1
3mis,3
3mis,1
4awl,3
2r5z,4
2r5z,3
4f5p,3
2voa,3
3thy,1
2fo1,2
2fo1,1
5cy1,1
1an4,1
4awl,5
4awl,1
4awl,2
3mis,2
2r5z,1
2r5z,2
2voa,2
3c5g,2
3c5g,4
6ctw,2
6ctw,1
6ctw,3
6ctw,4
5db9,3
4awl,4
4f5p,2
4f5p,4
2voa,1
1qx0,2
5cwr,4
3isc,4
3isc,2
1zg5,1
3isc,1
4gc7,2
1zg5,2
4gc7,1
4b5m,3
4b5m,4
5a3d,3
4b5m,2
4b5m,1
5d8l,1
5d8l,2
5o63,1
5xm1,4
5xm1,3
3zlj,3
3zlj,4
5cwr,3
3isc,3
4gc7,3
5o63,3
3gil,1
5a3d,2
5a3d,1
5d8l,3
5cwr,1
1mnm,4
4g4o,2
5uha,7
5xm1,1
5xm1,2
5xm1,5
3zlj,1
5cwr,2
1mnm,1
1mnm,2
1mnm,3
1rep,3
2pub,2
4k8z,2
4enj,3
3jyt,4
3jyt,3
4e0j,1
5gxq,5
5o6b,2
5o6b,1
1phj,3
3i0w,1
3i0w,3
1jfi,2
4osl,2
5y3m,2
5y3m,3
2c28,3
5jk0,3
5gxq,2
2c28,1
8icl,2
4ri8,4
4ri8,2
4z2d,2
4z2d,1
4ri8,1
8icl,3
6c1y,1
1lli,1
4hc7,2
5v09,3
1u1n,1
1u1n,2
1bc8,2
5btc,1
1ddn,2
4e0j,2
5jk0,2
5gxq,1
4klh,1
5gxq,4
5jk0,1
5omv,1
5btc,3
5btc,2
1ddn,3
4klh,2
2c28,2
4klh,3
1zyq,1
1zyq,2
1zyq,4
1zyq,3
4z2d,4
4z2d,3
4ri8,3
8icl,1
4cro,2
4cro,1
1m6x,4
1m6x,5
3khc,3
3vyb,2
3q5f,3
3q5f,2
1gu4,1
5cdr,3
5cdr,1
5cdr,4
3g9j,3
1tau,1
5v1r,2
5v1r,1
3sq4,2
5uha,2
3sav,3
3khc,1
3vyb,3
5vu6,3
5vu6,2
3q5f,1
5cdr,5
3g9j,2
4rtm,3
1m6x,3
4rtm,1
1m6x,2
1tau,3
1u35,5
1u35,3
1u35,2
4aso,3
3sq4,1
5uha,1
3sav,2
5vi8,8
3khc,2
3vyb,1
5vu6,1
4dqp,2
3dw9,1
5uha,3
4dqp,1
5uha,4
5uha,5
4dqp,3
3dw9,2
1gu4,3
1gu4,2
3g9j,1
5cdr,2
3k5l,3
3k5l,2
1f6o,2
1f6o,3
3sar,3
1f6o,1
4ff2,1
3sar,2
3px4,3
4qlc,1
5vmy,2
5vmy,1
5vmy,3
4qlc,7
4xrm,2
4xrm,1
4xrm,3
4oqb,3
4oqb,1
4r66,4
4r66,2
5d4b,3
4r66,3
5d4b,2
4kdp,2
3khr,3
1cgp,1
1cgp,3
4r66,1
4f1h,1
3azn,5
4ff2,2
3azn,2
1cgp,2
4kdp,1
5d4b,1
3gp1,3
4ihv,2
4mtd,3
4p0r,1
4p0r,3
4p0r,4
3px4,2
4mtd,1
4qlc,6
4qlc,3
6erq,5
4q10,1
1pt3,2
2ady,2
1ic8,1
4hqu,2
5kfb,2
5kfb,3
1zzj,1
5kfb,1
2xy5,3
4nqa,3
3reh,4
4kis,3
2bzf,1
4kis,1
3reh,1
3t3f,2
4kis,2
2bzf,2
2bzf,3
1mwj,2
3kk2,2
3kk2,1
4qpq,1
3reh,3
3t3f,3
3t3f,1
1mwj,1
3kk2,4
3kk2,3
4juz,2
4juz,1
2fo1,4
5n9d,1
5omv,3
4nih,3
3n1k,1
4nih,1
3c5g,3
3c5g,1
1qn8,1
4hc7,3
5tyz,3
1bc8,3
1qn8,2
2fln,2
2fln,1
2i9k,1
5omv,2
4yis,2
4bqa,2
4qpq,2
2i9k,2
2o8b,3
4r56,2
3mby,2
5chz,3
5chz,1
5chz,2
5chz,4
3h8r,3
3x1s,1
3x1s,4
1o3s,1
3wty,5
3x1s,2
4osw,1
4osw,3
1o3s,3
3wty,1
5hnh,3
3h8r,1
3wty,3
3wty,4
5mg7,2
3oyj,3
3oyj,1
4nlk,1
4nlk,3
4nlk,4
4a0k,4
4a0k,6
2vjv,3
5kg4,2
2r2s,1
2r2s,2
2r2s,3
3s8q,1
2e1c,2
4yoq,3
4yoq,1
4ot0,1
1nk7,1
4nlk,2
4a0k,5
4a0k,2
2j6u,1
4r56,1
1rtd,2
1oe6,2
1oe6,3
1p5w,2
1rtd,4
5kg4,3
5kg4,1
4pdg,3
4pdg,2
4ix7,2
4pdg,1
4ix7,1
3jrc,3
3jrc,1
3jrc,2
2o8b,1
2o8b,4
2j6u,2
1rrc,1
2etw,2
1l9z,1
1l9z,3
5ulw,3
2xo7,2
4wul,2
5j2c,1
6c1t,1
2h27,1
2h27,3
1zr4,3
2xcp,2
1zr4,2
4mfa,2
5tyv,3
5tyv,1
6dwz,2
6c1t,2
6c1t,3
1zr4,4
2xcp,3
2xcp,1
3epg,1
2fdf,1
4wul,1
2xo7,3
5j2c,2
3qmh,2
5tzv,2
5tzv,1
5bta,2
5bta,1
5bta,3
4mfa,4
9icy,3
4mfa,1
4mfa,3
6dwz,3
6dwz,4
5tyv,4
5tyv,2
6dwz,1
4ihx,3
4ihx,2
4ihx,1
2h27,2
2xo7,1
5j2c,3
5j2c,4
5tzv,4
5tzv,3
5bta,4
3qmh,1
3oyh,3
4k98,1
4k98,2
4k98,3
6bs1,3
2fdf,2
4ph5,4
4skn,3
4skn,2
8icv,2
8icv,3
8icv,1
4wzs,4
4wzs,1
3clz,2
2c9n,1
4bdy,1
1mus,2
1mus,1
3auo,2
3clz,1
5xm8,2
4bdy,2
5xm8,3
5hoo,4
4bdy,3
2c9n,3
1mus,3
3k58,2
3auo,1
2aor,2
3mkw,2
3mkw,1
4wzs,3
4wzs,6
4wzs,2
4ny8,3
4ny8,2
1oe6,1
5um9,1
5dfi,2
5dfi,1
2vjv,2
2vjv,1
4wul,3
3qev,1
1jj8,2
1jj8,1
4ktq,2
4ktq,1
5hrh,2
5vzf,3
1hjb,2
1hjb,4
1hjb,1
1a36,3
1l3t,1
3t5j,3
3rb4,3
1l3t,3
3ssd,3
3q0b,2
3reh,5
1o3r,2
1o3r,3
5akn,4
2ost,1
3reh,6
1o3r,1
5hrh,3
2ost,2
1u3e,2
4ktq,3
5hrh,4
5akn,5
5akn,3
2ost,3
5akn,2
5hrh,1
5vzf,2
5vzf,4
3t5j,2
3v6h,3
1qps,1
1qps,2
3qew,3
3v6h,1
3v6h,2
4hj9,1
1jj8,3
1qps,3
3q0b,1
2gii,1
3ssd,1
4ztf,1
4hj9,2
2ql2,1
1s0o,1
1s0o,3
3o1m,2
3o1m,3
1mjq,2
1gxp,2
6cr3,3
6cr3,1
6erg,4
6erg,2
6bdb,1
6erg,5
3qew,2
4ztf,3
4ztf,2
3qew,1
5vmu,3
5vmu,1
1gm5,2
2gii,2
1gm5,3
4l62,2
4ld0,4
5j2f,3
1bhm,2
1bhm,1
1k61,2
4ivz,3
4ph5,2
2nny,3
5t2h,3
5t2h,2
5akf,2
5akf,3
4l62,1
5akf,1
1f4r,3
4ld0,1
5j2f,4
2wbu,3
5vmu,2
1gm5,4
4gzn,3
4yj0,1
4yj0,2
4yj0,3
4ph5,1
4ph5,3
4ivz,2
5t2h,1
2nny,2
2nny,1
4l62,3
5akf,4
3px7,1
4ivz,1
1f4r,2
4ld0,3
4ld0,2
1f4r,1
5j2f,2
5j2f,1
2wbu,2
2wbu,1
2p66,1
5uhe,2
5txl,4
3pvx,2
2xzu,3
8mht,2
6fb9,1
8mht,1
5xvn,1
2p66,3
2p66,4
4enm,3
5uan,5
1zr2,2
4fbu,2
4fbu,3
2alz,1
1zr2,4
2alz,2
2alz,3
3oyh,2
3oyh,1
3n7b,1
5uan,4
5uan,2
3jri,3
4chu,3
4chu,1
4chu,2
8mht,3
5xvn,2
2p66,2
3pvx,3
3pvx,1
2fcc,2
5n8r,2
3px7,3
2xzu,1
3jri,1
4xr0,1
4xr0,2
6fbd,3
6fbd,2
6fbd,1
4enm,1
4enm,2
1rxw,3
6fb9,4
6fb9,5
6fb9,2
6fb9,3
5xvn,3
2fcc,1
5n8r,1
2xzu,2
2fcc,3
2noh,2
2noh,3
2noh,1
3px7,2
2wtu,3
2wtu,2
3h0d,3
4flz,2
4flz,3
2o4a,2
1d02,2
4hj7,1
1d02,1
2o4a,1
3px0,3
3h0d,2
3h0d,1
3ted,2
3ted,3
3ted,1
3rjk,3
3rn5,2
4flz,1
4hj7,2
2o4a,3
4rod,1
4rod,4
4rod,2
3px0,1
3p57,1
3rjk,2
3l2c,2
5nwa,2
3l2c,3
3rn5,3
3rn5,1
1ic8,3
1azp,1
3knt,3
2hos,3
3h40,3
5vu9,2
3c2p,2
1k79,1
4ou6,2
1k79,3
1k79,2
5h58,3
3hwt,4
3hwt,1
3hwt,2
3hwt,3
3knt,2
2hos,2
2hos,1
3h40,2
3knt,1
3h40,1
5b33,3
1ku7,3
5vu9,3
3c2p,1
3c28,1
3c28,3
5e5s,1
5e5s,4
2fln,3
4gxj,4
5txl,1
5uhe,1
1rxw,2
5uhe,5
5wn3,4
2qsh,1
2qsh,2
3mfk,2
3u6c,1
3u6c,3
3mfk,1
3u6c,2
3c29,2
3c29,3
3c29,4
2qsh,4
3mfk,3
1krp,1
3c29,1
2ql2,4
2ql2,3
3jri,2
4xr0,3
5uhe,4
5wn3,2
1krp,2
5uan,3
2ql2,2
1s0o,2
3o1m,1
5orq,1
5uan,1
1tez,5
1tez,1
4j2a,1
6bs1,1
1tez,2
4j2a,3
5uhe,7
5wn3,3
2qsh,3
5uhe,6
4j2a,2
5txl,2
5uhe,3
1rxw,1
5txl,3
3n7b,3
3n7b,2
5orq,2
6bs1,2
5wn3,1
6blw,1
6blw,3
5cbx,2
4qwb,2
6erg,1
4qwb,1
3ssd,2
1u3e,4
1u3e,1
3rb4,1
1l3t,2
3t5j,1
3rb4,2
4qwb,3
5cbx,1
6bdb,2
5cbx,3
6bdb,3
6erg,3
1rxv,1
3k70,4
3k70,3
1rxv,2
2e42,3
3k70,2
3k70,1
1yfh,1
1a73,1
2xro,3
5onw,6
2oq4,1
5dy0,1
2oq4,2
1zbb,2
1zbb,1
6ctx,1
2d7d,3
5uoq,2
3exl,1
4opx,3
5iim,1
5iim,4
4opx,1
4opx,2
1ph7,1
1ph7,4
5iim,2
5uoq,1
2i5s,2
5iim,3
2i5s,1
1yfh,3
1yfh,2
1a73,2
2ex5,1
5vzg,1
5mey,1
4b9l,3
4b9l,1
3lwh,1
5onw,5
5onw,4
5hf7,3
6ctx,3
4xlp,7
6ctx,4
4xlp,6
4xlp,5
4dto,3
3sz2,1
3sz2,3
2d7d,1
2d7d,2
5uoq,3
3exl,3
3exl,2
5cp2,2
6fb2,5
6fb2,2
6fb2,4
4b9l,2
3kqu,2
3dsd,1
4o3p,3
5mcv,2
5lej,3
5cp2,3
1nk6,3
3sas,3
4par,3
4par,2
1rr8,1
5vzg,2
5dy0,2
3h15,1
5onw,1
5onw,2
3h15,2
2oq4,3
1zbb,6
1zbb,3
2a66,2
4rbo,2
4rbo,3
1ksy,2
1ksy,3
3l2w,3
2a66,3
1rr8,2
1rr8,3
5mcv,1
3sas,1
3l2w,2
3us1,2
5od6,1
5dfh,1
2a66,1
5dfh,4
5dfh,2
5dfh,3
4rbo,1
4par,1
1ksy,1
5lej,2
5lej,1
5od6,2
3l2w,1
3us1,1
5dg7,3
5dg7,1
3azh,3
3azh,1
3azh,5
6avt,1
4pgx,3
4pgx,2
4pgx,4
5g33,3
5dg7,2
4flv,3
6avt,4
6avt,2
3azh,4
2gih,1
4s0n,2
4s0n,1
4flv,2
1eop,2
4flv,1
1eop,1
4pgx,1
5g33,1
4k97,2
4k97,3
4k97,1
5hru,2
5hru,1
6avt,3
1x9n,3
1x9n,1
1ph7,3
1x9n,4
3kjp,2
4rq8,3
1xvn,2
1ph7,2
4rq8,4
4rq8,2
3kjp,1
1xvn,1
4pba,2
1b3t,1
1b3t,2
1x9n,2
1zbb,4
1zbb,5
4xlp,4
4xlp,1
4xlp,2
5onw,3
5hf7,1
6ctx,2
5hf7,2
5cle,3
5cle,2
5cle,1
2ht0,6
4z3c,1
1a73,3
2ht0,2
2ht0,3
2ht0,4
2ht0,5
4z3c,2
4xlp,3
3m7k,3
3m7k,1
5vzg,3
6fb2,6
1nk6,2
1nk6,1
5cp2,1
6fb2,1
6fb2,3
5vzg,4
2hvh,1
5t5k,2
3mgv,3
5d5x,3
5d5x,2
4izz,2
4i2e,1
4o3p,2
4i2e,2
5x5l,2
4fbt,2
3c58,2
2xo6,3
3mgv,1
2rgr,2
4cn5,2
3dsd,2
4b5i,1
4b5i,2
3c58,3
3c58,1
2rgr,1
2rgr,3
4cn5,3
4izz,1
3sas,2
5x5l,1
2hvh,2
2hvh,3
8icu,2
8icu,3
1j3e,3
4b5i,4
4b5i,3
3kqu,1
4qzf,3
1ebm,3
4dih,3
1eqz,1
1eqz,5
1r0o,4
1r0o,1
1r0o,3
1r0o,2
1i3w,1
1i3w,2
3ts8,1
4do9,4
4do9,3
4do9,2
3spy,1
3spy,3
4qzf,1
1ebm,2
1xsp,4
1xsp,3
1oup,1
1xsp,2
2xca,3
2uzk,3
4wzw,3
4wzw,1
5wnx,4
5wnx,3
5wnx,1
5hrb,2
6el8,2
6el8,3
6el8,1
3mxb,2
1eqz,2
1eqz,3
1eqz,4
3mxm,1
3mxm,2
3mxb,4
3mxb,1
3va0,2
4d6n,1
2itl,3
2itl,1
5btn,3
3d71,2
5btn,2
5btn,4
2itl,2
4klh,4
5gxq,3
1lli,2
1lli,3
4oi8,3
1n48,1
1ewq,3
4oi8,1
6c1y,2
1ewq,1
5hbu,3
5hbu,2
1bc8,1
4e0j,3
5y3m,1
1ddn,1
4yis,1
1qn8,3
2r2u,2
4bqa,1
1ztw,3
1ztw,1
1u35,1
1u35,4
4hqu,1
4g4o,1
5uha,6
4g4o,3
1ztw,2
4yhx,3
4yhx,1
3mgr,2
4enj,1
3rzh,3
3rzh,1
3rzh,2
4e7h,1
6ctp,2
4x23,7
4p0q,3
4p0q,4
4x23,6
4r63,4
4r63,1
3eyi,1
6fbc,1
5wm1,3
5c8e,1
1qp0,1
5c8e,2
1qp0,2
4e7h,3
6an2,3
4nid,2
5cky,2
5cky,1
1t38,1
6c31,2
4jbk,1
2f03,3
3co6,3
5th3,3
5th3,5
1p7d,2
5c8e,3
1p7d,3
1a1k,3
6c31,1
1t38,3
1t38,2
6c31,3
4p0s,1
4p0s,2
1nkb,1
1nkb,2
1a1k,2
4jbk,2
2f03,2
2f03,1
3co6,2
3co6,1
3vea,2
3c2l,3
3vea,3
3vea,1
2f8x,5
3q1m,2
3q1m,1
3o9x,3
3o9x,2
3syz,2
4z6c,2
4z6c,4
1p3g,4
1p3g,3
1p3g,1
1p3g,2
4ecs,1
4klq,2
4q4z,6
4osr,3
4klq,3
4xic,3
6bte,2
1kbu,1
3qex,3
1mvm,4
3syz,3
4s2q,3
4s2q,2
1mvm,1
4z6c,3
4ecs,3
4q4z,7
4q4z,5
4q4z,4
4osr,1
4klq,4
4osr,2
1orp,3
1orp,2
4q4z,3
4xic,1
4xic,2
2fll,2
4mf8,3
4q4z,2
4klq,1
1orp,1
3maq,2
3maq,3
4mf8,4
5v9x,1
4ecs,2
1p3g,5
1b95,2
6bte,3
6bte,4
4o3r,2
3qex,1
4o3r,1
6bte,1
1kbu,2
3qex,2
1kbu,3
3gq5,3
4egy,2
4egy,3
4egy,1
4p4m,3
1eo3,1
4p4m,1
4p4m,2
5eg0,4
1v14,1
1v14,2
8icq,3
4j9r,2
1eo3,2
5eg0,1
5eg0,3
5eg0,2
8icq,2
8icq,1
2w42,2
5wm1,1
2dtu,2
3c2k,3
1w0t,3
1w0t,1
3v6d,1
3lsr,2
1nk9,2
2np2,2
4x23,4
4x23,3
4x4g,2
4j9r,3
5frn,2
5frn,1
6ctp,4
4p0q,5
4p0q,2
4p0q,1
6fbc,2
5gtc,2
3jpr,3
3jpr,1
5gtc,1
4b22,1
6fbc,3
5yuv,3
5yuv,2
5yuv,1
6ctp,3
6ctp,1
3eyi,2
4r63,3
4r63,2
3k59,3
3k59,2
2o54,2
4j19,2
3cws,2
4doa,4
3cws,3
4doa,1
4fx4,2
2bqr,2
2bqr,1
5hrk,4
3epi,2
5gtc,3
3jpr,2
3jpr,4
5gtc,6
5gtc,5
5gtc,4
4b22,2
4b22,3
5d3g,2
4j19,3
4j19,1
4doa,3
4doa,2
3cws,1
4fx4,1
2bqr,3
5hrk,3
1zqb,3
1z19,3
1r49,1
1r49,2
1r49,3
4o3o,2
1trr,2
4gdf,3
4gdf,2
4dwp,1
2gie,2
1zqb,2
1z19,1
1zqb,1
1z19,4
1z19,2
2f8x,4
2f8x,3
4o3o,1
1trr,1
2gie,1
4o3o,3
4j9r,1
3zda,3
1eyg,1
3zda,1
1flo,3
1flo,2
4gdf,1
5j0u,2
5j0u,3
4dwp,2
4dwp,3
2q10,1
1flo,1
4xls,7
4xls,6
1evw,1
1evw,2
1evw,3
2wty,2
4p0s,3
4p0s,4
1cyq,2
1cyq,1
1nkb,3
1a1k,1
3utb,1
3utb,4
2o54,1
1q3v,1
3utb,3
1q3v,3
6bux,1
5cky,3
4nid,3
3utb,2
1fym,1
4nid,1
5hrk,1
4p0s,5
6an2,4
3utb,5
1fym,2
1q3v,2
1q3v,4
6an2,2
6bux,2
6an2,1
5j2p,3
5j2p,1
1jk1,1
2vy2,2
2fll,1
4mf8,1
4mf8,2
2fll,3
5v9x,2
1jk1,3
4s2q,1
4z6c,1
1mvm,3
1mvm,2
3syz,1
2vy2,1
3maq,1
1jk1,2
3gii,3
3gii,1
3o9x,1
3gii,2
3zda,2
1xpx,2
2fms,4
5btg,4
2fms,2
2fms,1
5btg,1
7icl,1
7icl,3
5btg,2
2fms,3
5j0u,4
1h9t,3
4z1z,3
4z1z,2
5j2p,2
1p7d,1
4gxk,1
1oct,2
1oct,3
6bch,4
3c2k,4
3c2k,2
3c2k,1
4fjm,3
4z1z,1
5dg0,2
5dg0,3
4pe8,2
5wm1,2
4gxk,3
1h9t,1
1ph1,3
5dg0,1
1ph1,1
4pe8,1
6bch,1
6bch,2
4gxk,4
1h9t,2
1oct,1
6bch,3
2np2,1
3v6d,4
3v6d,2
5tyu,1
2w42,1
5n9e,1
4x23,1
5n9e,2
4x23,2
4x23,5
5tyu,4
5tyu,2
5tyu,3
2dtu,1
1ph1,2
2dtu,3
5j2p,4
5vpe,1
7icg,1
3u7g,2
7icg,3
3u7g,1
6eko,2
1mj2,1
6eko,1
1mj2,2
3pr5,1
5dlg,2
1njx,1
1hwt,1
4m9v,2
4m9v,1
3crx,2
1qai,1
2qoj,3
3a4k,2
7icg,2
5uhd,7
2qoj,1
2qoj,2
